month,date,vol,vol_unadj,credit_score_group
84,2007-01,102088749927.0054,95411901228.78784,Super-prime
84,2007-01,14144344099.07089,12791133787.37373,Subprime
84,2007-01,26546140526.63593,23537935086.86869,Near-prime
84,2007-01,57923317822.02226,51453824053.03033,Prime
84,2007-01,9969018724.328327,9357248310.60606,Deep subprime
85,2007-02,12639538325.16011,11430798534.34344,Subprime
85,2007-02,23316936120.13511,21998240950.00001,Near-prime
85,2007-02,52715991523.4633,47898209345.45455,Prime
85,2007-02,8219027029.955326,7557053772.222225,Deep subprime
85,2007-02,91620214755.04692,89946295807.07071,Super-prime
86,2007-03,10900093186.72693,11259921424.24242,Subprime
86,2007-03,23606849393.00904,24497632039.39394,Near-prime
86,2007-03,50914114749.07858,55778167650.00002,Prime
86,2007-03,6995077754.08534,7422745616.666669,Deep subprime
86,2007-03,92607145652.91205,113424368299.495,Super-prime
87,2007-04,20585058220.54433,21371775787.37375,Near-prime
87,2007-04,47497218660.15693,51522996568.68685,Prime
87,2007-04,6592396135.163702,6534804881.313131,Deep subprime
87,2007-04,93042640577.68489,109253044310.101,Super-prime
87,2007-04,9839152411.0285,10045298387.37374,Subprime
88,2007-05,10761929784.11535,11361448627.77777,Subprime
88,2007-05,21192854675.11271,22224492850.50506,Near-prime
88,2007-05,49682524873.82003,53761798147.9798,Prime
88,2007-05,6659134729.996016,6726952414.141415,Deep subprime
88,2007-05,97677193799.71117,112576818496.9697,Super-prime
89,2007-06,100484172685.402,111598923642.4243,Super-prime
89,2007-06,19801509337.73183,21406807088.8889,Near-prime
89,2007-06,45509856031.33395,50138729972.22221,Prime
89,2007-06,6047996300.559295,6567302249.494953,Deep subprime
89,2007-06,9722151196.350195,10644231986.36363,Subprime
90,2007-07,19143016340.56221,19968335132.32323,Near-prime
90,2007-07,43784104317.73046,44153345571.71719,Prime
90,2007-07,6292474498.14748,6464255613.131311,Deep subprime
90,2007-07,9768643485.882788,10312783521.71717,Subprime
90,2007-07,98930482787.20772,95347385747.47476,Super-prime
91,2007-08,105031728677.4973,93169705081.81821,Super-prime
91,2007-08,17994021706.80522,18307171914.64647,Near-prime
91,2007-08,42929072246.91805,41007163784.34343,Prime
91,2007-08,5345887994.032591,5498847725.252524,Deep subprime
91,2007-08,9189281210.915512,8516391476.26263,Subprime
92,2007-09,14722471793.49039,14109925595.45454,Near-prime
92,2007-09,31933534436.49002,30138941154.54547,Prime
92,2007-09,3724238467.009668,3942136398.484848,Deep subprime
92,2007-09,6470231111.894085,6732129988.888891,Subprime
92,2007-09,89992429876.84131,69729963476.26263,Super-prime
93,2007-10,14709338225.31282,14824207753.53535,Near-prime
93,2007-10,33285505569.11535,33251452441.91921,Prime
93,2007-10,4532985844.212505,4572982973.232324,Deep subprime
93,2007-10,7318049557.132139,7585150911.61616,Subprime
93,2007-10,87774590082.78587,77832955008.58588,Super-prime
94,2007-11,13846738656.24442,13423288271.21212,Near-prime
94,2007-11,34685821144.92818,33178160925.75756,Prime
94,2007-11,4257596966.595713,3919197645.454546,Deep subprime
94,2007-11,7132772200.66024,6359489820.202022,Subprime
94,2007-11,80602841147.36406,75365026153.0303,Super-prime
95,2007-12,13318824773.71428,13012902105.55556,Near-prime
95,2007-12,31974394022.49969,31503213824.24242,Prime
95,2007-12,3774790484.970381,3623773717.171718,Deep subprime
95,2007-12,6103036235.743683,6391391632.323233,Subprime
95,2007-12,77974099488.90466,77821145114.6465,Super-prime
96,2008-01,12111823421.14296,10728270351.51515,Near-prime
96,2008-01,30900733412.76916,27525720534.84848,Prime
96,2008-01,3594072600.342877,3309756022.222223,Deep subprime
96,2008-01,5933234058.391497,5294047079.797982,Subprime
96,2008-01,75257808409.16914,70900587026.26266,Super-prime
97,2008-02,113738168431.3949,111503737281.8182,Super-prime
97,2008-02,13121790178.75262,12217654483.33333,Near-prime
97,2008-02,3623941322.226822,3329448009.090909,Deep subprime
97,2008-02,37589040591.06214,33935698005.0505,Prime
97,2008-02,6777983174.269744,6073709500,Subprime
98,2008-03,11701943564.12073,12128028838.38384,Near-prime
98,2008-03,29851890847.36793,32584813900.50505,Prime
98,2008-03,3270045623.578978,3525529576.767674,Deep subprime
98,2008-03,5758487153.82761,5989542426.767678,Subprime
98,2008-03,87698165352.00487,105645274539.899,Super-prime
99,2008-04,11780217254.70254,12212600794.9495,Near-prime
99,2008-04,28800951704.94153,30941977168.68687,Prime
99,2008-04,3220361544.215761,3170254951.515152,Deep subprime
99,2008-04,5556576561.524286,5645272086.868688,Subprime
99,2008-04,85513121182.15506,98631289026.26259,Super-prime
100,2008-05,11146721352.85996,11630583052.52525,Near-prime
100,2008-05,25573790883.02507,27409229863.63636,Prime
100,2008-05,2818135908.639032,2836910747.979799,Deep subprime
100,2008-05,4716526800.64246,4975814627.777779,Subprime
100,2008-05,79713171203.9265,88925901077.77782,Super-prime
101,2008-06,22539815149.99836,24852956798.9899,Prime
101,2008-06,2422084085.637029,2644219739.393939,Deep subprime
101,2008-06,4522310155.341884,5010787750.000001,Subprime
101,2008-06,73432701757.94765,80304301869.19188,Super-prime
101,2008-06,9800407799.656694,10647417356.0606,Near-prime
102,2008-07,22414482382.92064,22487963679.29293,Prime
102,2008-07,2252223551.713965,2278745885.353534,Deep subprime
102,2008-07,4878280378.48535,5079634919.69697,Subprime
102,2008-07,72026034660.02698,68793001760.10101,Super-prime
102,2008-07,9759545636.288342,10158054817.67677,Near-prime
103,2008-08,20695650606.32935,19984486343.43435,Prime
103,2008-08,2427816190.712371,2515012903.030303,Deep subprime
103,2008-08,4537547376.513309,4263636035.353534,Subprime
103,2008-08,67679947191.17478,60237905576.76771,Super-prime
103,2008-08,9000018543.313713,9237072201.010103,Near-prime
104,2008-09,19936332064.41926,19132295357.57576,Prime
104,2008-09,2243020036.997139,2405821898.9899,Deep subprime
104,2008-09,4612723899.308075,4822990430.30303,Subprime
104,2008-09,67655638281.44975,55404285056.56565,Super-prime
104,2008-09,9670427188.681824,9346928384.343435,Near-prime
105,2008-10,21099877872.50465,21277399643.93941,Prime
105,2008-10,2219692043.339466,2240360362.121213,Deep subprime
105,2008-10,4130227911.134974,4264084900.50505,Subprime
105,2008-10,68608425585.00069,63514743502.0202,Super-prime
105,2008-10,8952612066.70175,9031369366.161615,Near-prime
106,2008-11,14647827433.10523,14091471010.10101,Prime
106,2008-11,1906377653.887232,1751760659.59596,Deep subprime
106,2008-11,3943867719.260196,3539470146.969698,Subprime
106,2008-11,40648287578.48267,39946893108.58587,Super-prime
106,2008-11,6764469445.860109,6563614405.555556,Near-prime
107,2008-12,19214177803.88324,19095756120.70705,Prime
107,2008-12,2068182587.844258,1981327634.848484,Deep subprime
107,2008-12,4066640372.111322,4278058228.787877,Subprime
107,2008-12,62838920705.54785,65944505616.66669,Super-prime
107,2008-12,8605410511.381273,8461336019.69697,Near-prime
108,2009-01,114057388478.1913,108833659094.9495,Super-prime
108,2009-01,2086743963.038191,1854276919.696969,Deep subprime
108,2009-01,23466697781.77269,20805525109.09091,Prime
108,2009-01,4512106732.040232,3922822781.818181,Subprime
108,2009-01,9549841839.505285,8397024624.747475,Near-prime
109,2009-02,139732635068.9773,133340876114.1415,Super-prime
109,2009-02,1885641939.877178,1738009974.747475,Deep subprime
109,2009-02,25603570888.97484,22945559095.45454,Prime
109,2009-02,4134213704.676586,3650270699.49495,Subprime
109,2009-02,9824711141.559029,9008135972.222221,Near-prime
110,2009-03,122857116730.2498,139913823632.3233,Super-prime
110,2009-03,1797771857.677789,2002289826.262626,Deep subprime
110,2009-03,24470506606.90559,26376723248.9899,Prime
110,2009-03,3991749360.973594,4208103440.404041,Subprime
110,2009-03,9294327800.978659,9610625613.131313,Near-prime
111,2009-04,134651294948.8365,147042296802.0203,Super-prime
111,2009-04,1737344435.768884,1697690581.818182,Deep subprime
111,2009-04,26016983021.9598,27495181828.28283,Prime
111,2009-04,4070087153.319869,4130065137.878788,Subprime
111,2009-04,9351600229.336996,9662813697.979795,Near-prime
112,2009-05,149950536937.7228,156782669824.2425,Super-prime
112,2009-05,1641648355.475734,1650722365.656565,Deep subprime
112,2009-05,26773692091.30312,28208026383.83839,Prime
112,2009-05,3637257091.738808,3843624430.303032,Subprime
112,2009-05,8891798154.739174,9219156441.414145,Near-prime
113,2009-06,144472359054.4449,154211172583.3334,Super-prime
113,2009-06,1590523836.921898,1753177796.969697,Deep subprime
113,2009-06,27039164310.53024,29745088945.45455,Prime
113,2009-06,3514184028.354025,3953039208.080809,Subprime
113,2009-06,8791414346.868666,9626787098.484848,Near-prime
114,2009-07,131341949707.7141,124425167210.6061,Super-prime
114,2009-07,1679188598.819069,1648864550,Deep subprime
114,2009-07,26435909381.24351,26476234251.01009,Prime
114,2009-07,3469736704.112548,3514494756.565659,Subprime
114,2009-07,8833572894.947882,9130078564.141411,Near-prime
115,2009-08,103080297689.4369,94174857525.75757,Super-prime
115,2009-08,1032937011.349227,1072280779.292929,Deep subprime
115,2009-08,22599739325.14117,22284678873.73738,Prime
115,2009-08,2991047724.551794,2869245571.717171,Subprime
115,2009-08,7079236368.473297,7345826463.636361,Near-prime
116,2009-09,1241163598.034601,1346626095.454546,Deep subprime
116,2009-09,21543238685.83028,21044116630.80807,Prime
116,2009-09,3063283435.802301,3203481915.656565,Subprime
116,2009-09,8159130035.557329,7980314105.050508,Near-prime
116,2009-09,96942896425.33887,86165495934.34343,Super-prime
117,2009-10,1198753858.186499,1220579932.828283,Deep subprime
117,2009-10,22393911979.66565,23036913961.61615,Prime
117,2009-10,3275472065.626146,3392400701.515152,Subprime
117,2009-10,8969261927.038528,9101820582.828283,Near-prime
117,2009-10,94421376929.65646,94522578256.56561,Super-prime
118,2009-11,1196114921.323408,1099842926.767677,Deep subprime
118,2009-11,24436717986.25653,23661496010.60605,Prime
118,2009-11,3619398851.629445,3273274970.707072,Subprime
118,2009-11,8001765728.598432,7743913189.898992,Near-prime
118,2009-11,90750458251.26321,95625533706.56563,Super-prime
119,2009-12,1256815870.857179,1202797262.121212,Deep subprime
119,2009-12,21480249145.92475,21570145154.54545,Prime
119,2009-12,2882661931.246102,3046724600.000001,Subprime
119,2009-12,7416434720.039109,7347775709.090909,Near-prime
119,2009-12,92711508619.57593,102727030588.3838,Super-prime
120,2010-01,18049601595.7589,15916967116.66667,Prime
120,2010-01,2123051630.267478,1800452880.80808,Subprime
120,2010-01,5567551595.815646,4876253410.606062,Near-prime
120,2010-01,682913414.7195904,585794210.1010101,Deep subprime
120,2010-01,82224925910.4678,77790224157.57576,Super-prime
121,2010-02,16897640693.67241,15014239989.39395,Prime
121,2010-02,1936005499.245104,1687141103.535353,Subprime
121,2010-02,5340184105.377329,4792055642.929296,Near-prime
121,2010-02,72994619186.77422,66468809905.05049,Super-prime
121,2010-02,764387987.7758987,706092452.0202017,Deep subprime
122,2010-03,18808072107.59631,19765470697.97981,Prime
122,2010-03,2217879820.9685,2356022327.777779,Subprime
122,2010-03,6329208238.627298,6535644156.060605,Near-prime
122,2010-03,751744917.2231007,856562495.4545451,Deep subprime
122,2010-03,79166192759.72641,84189834863.13132,Super-prime
123,2010-04,1021116284.209769,991777544.9494951,Deep subprime
123,2010-04,18774565394.26249,19375731208.58585,Prime
123,2010-04,2245518333.024637,2260885739.39394,Subprime
123,2010-04,6519492071.09381,6671451315.151512,Near-prime
123,2010-04,82082813310.87868,83230613370.70706,Super-prime
124,2010-05,17556181731.94883,18277089327.77777,Prime
124,2010-05,2275583923.481557,2412029177.777779,Subprime
124,2010-05,6160618559.869572,6362767425.757577,Near-prime
124,2010-05,709801864.9061115,718417874.2424244,Deep subprime
124,2010-05,79112313175.28719,76092286788.88893,Super-prime
125,2010-06,1003909872.765732,1123324413.131313,Deep subprime
125,2010-06,20128409687.40289,22095549682.32322,Prime
125,2010-06,2636695053.331882,3027521301.010102,Subprime
125,2010-06,6768922785.827083,7478057609.090906,Near-prime
125,2010-06,94689443772.76445,97892078519.69695,Super-prime
126,2010-07,106316683100.524,100867804476.7677,Super-prime
126,2010-07,19042299590.63264,19223861199.49495,Prime
126,2010-07,1965286452.642098,1932134836.363637,Subprime
126,2010-07,4924714048.891436,5076140719.19192,Near-prime
126,2010-07,675775974.7895348,649440183.3333331,Deep subprime
127,2010-08,132383628273.1091,129313866676.7677,Super-prime
127,2010-08,1869366807.372165,1851663367.171717,Subprime
127,2010-08,21176834034.86173,21460266101.51516,Prime
127,2010-08,5987246798.605557,6324285246.464645,Near-prime
127,2010-08,672248336.5767027,691661332.3232324,Deep subprime
128,2010-09,146209932810.2889,141217214632.3232,Super-prime
128,2010-09,1992155217.409343,2068347500.505051,Subprime
128,2010-09,23354717627.50034,23149404445.45456,Prime
128,2010-09,5949822199.426461,5868818458.585858,Near-prime
128,2010-09,712838143.2898679,777720231.3131312,Deep subprime
129,2010-10,135518539032.0911,146163717867.6768,Super-prime
129,2010-10,1951713698.522291,2021197198.484848,Subprime
129,2010-10,21144147362.94016,22109219896.46464,Prime
129,2010-10,6051258089.786496,6155855992.424244,Near-prime
129,2010-10,635818194.5917128,649891833.8383837,Deep subprime
130,2010-11,136707183873.3292,151310680538.3839,Super-prime
130,2010-11,24607728282.68004,23896730181.31313,Prime
130,2010-11,2492651725.672175,2287771182.323232,Subprime
130,2010-11,6292039951.83984,6059027481.313131,Near-prime
130,2010-11,903889404.826588,833323201.0101011,Deep subprime
131,2010-12,128202101116.5605,144123197428.7879,Super-prime
131,2010-12,1970621461.176192,2086324025.252525,Subprime
131,2010-12,21240272571.08856,21601992797.47474,Prime
131,2010-12,6007561417.213975,5980460765.656568,Near-prime
131,2010-12,682685327.4315408,659018648.4848485,Deep subprime
132,2011-01,109324745717.8192,102074622813.1313,Super-prime
132,2011-01,1790556411.720817,1468721564.141414,Subprime
132,2011-01,20819003761.51925,18067597129.79799,Prime
132,2011-01,510190966.3359379,423126550.5050505,Deep subprime
132,2011-01,5467222851.055777,4753225083.333334,Near-prime
133,2011-02,1693446522.012969,1456461106.565657,Subprime
133,2011-02,17525691204.98217,15326178772.22222,Prime
133,2011-02,4632615233.597203,4052716251.010103,Near-prime
133,2011-02,634062226.7757552,580793613.6363635,Deep subprime
133,2011-02,87089938616.95444,75968886604.54547,Super-prime
134,2011-03,16906783172.66811,17321194400.50506,Prime
134,2011-03,1876438384.452564,2002915417.171719,Subprime
134,2011-03,4930108304.747834,5084097033.838384,Near-prime
134,2011-03,661460925.2653389,759869059.5959597,Deep subprime
134,2011-03,78465715199.8643,77073507330.30305,Super-prime
135,2011-04,15054822085.00036,15276420924.24243,Prime
135,2011-04,1666675116.152099,1658411330.80808,Subprime
135,2011-04,4780036817.141588,4847238541.414147,Near-prime
135,2011-04,519898008.6539316,506281910.1010104,Deep subprime
135,2011-04,73299646323.22292,69152301764.64644,Super-prime
136,2011-05,15442994560.00008,15962137381.81818,Prime
136,2011-05,1654400058.233494,1782388023.232323,Subprime
136,2011-05,4632805200.347501,4817826420.707074,Near-prime
136,2011-05,549514361.3264158,566436489.3939395,Deep subprime
136,2011-05,71944569360.8553,67297658383.33334,Super-prime
137,2011-06,15830818799.3803,17390696459.0909,Prime
137,2011-06,1951236232.855184,2274199685.858587,Subprime
137,2011-06,4833266145.389387,5409001707.575758,Near-prime
137,2011-06,565155170.6300265,646558369.6969699,Deep subprime
137,2011-06,78197249882.16902,80421613807.07072,Super-prime
138,2011-07,15648321484.57918,16066053472.22222,Prime
138,2011-07,1803345478.603052,1729538175.252526,Subprime
138,2011-07,5003726280.353557,5153785954.545455,Near-prime
138,2011-07,548149797.7961828,517510412.6262627,Deep subprime
138,2011-07,82465372404.62956,81515167949.49496,Super-prime
139,2011-08,17528802573.00121,18249345034.84848,Prime
139,2011-08,2087608633.884919,2125578632.323232,Subprime
139,2011-08,5454337039.731679,5829550841.414143,Near-prime
139,2011-08,693719123.2992135,701847196.9696969,Deep subprime
139,2011-08,91048217870.65364,94825118278.28279,Super-prime
140,2011-09,117842678596.0425,117425342034.3434,Super-prime
140,2011-09,19330492392.38556,19410656704.0404,Prime
140,2011-09,2052421504.802694,2125230815.151516,Subprime
140,2011-09,5608740521.441493,5571521449.999998,Near-prime
140,2011-09,690655843.741698,750226960.1010101,Deep subprime
141,2011-10,115222919384.1556,129162465158.5859,Super-prime
141,2011-10,1828370291.201811,1889479457.070706,Subprime
141,2011-10,19181744653.13506,20186860261.11111,Prime
141,2011-10,5221918587.270392,5320505000.000002,Near-prime
141,2011-10,652293596.2787141,667667379.2929289,Deep subprime
142,2011-11,115841643213.5933,127868928971.7172,Super-prime
142,2011-11,19256402830.95623,18623556522.22223,Prime
142,2011-11,2038787333.083883,1888186119.69697,Subprime
142,2011-11,5427851727.694919,5167131984.848484,Near-prime
142,2011-11,631000282.8589046,579772336.3636364,Deep subprime
143,2011-12,110070471719.65,120342092487.3738,Super-prime
143,2011-12,19519825618.79869,19923818288.38385,Prime
143,2011-12,2074312803.880139,2196495216.161615,Subprime
143,2011-12,5757921813.924726,5738372389.89899,Near-prime
143,2011-12,602195256.6537379,595148537.3737372,Deep subprime
144,2012-01,115904929021.6613,104380650034.8485,Super-prime
144,2012-01,20010405809.22582,17126357302.0202,Prime
144,2012-01,2214334425.766006,1762817923.232324,Subprime
144,2012-01,6129721918.267312,5304560500,Near-prime
144,2012-01,713200247.9812881,578937678.7878788,Deep subprime
145,2012-02,142608449682.3735,121406739424.2425,Super-prime
145,2012-02,2239275061.83706,1906565862.121212,Subprime
145,2012-02,23196268252.24071,19943787145.45454,Prime
145,2012-02,6755064749.350263,5739094563.131314,Near-prime
145,2012-02,788740793.9877119,719608902.0202019,Deep subprime
146,2012-03,138846879850.6931,131252199253.0304,Super-prime
146,2012-03,22370763025.54976,22407340040.40404,Prime
146,2012-03,2274956207.089266,2449454004.545454,Subprime
146,2012-03,6768172267.383306,7018070563.636359,Near-prime
146,2012-03,820611856.8000638,932500550.5050508,Deep subprime
147,2012-04,128944776505.4846,119412510684.8484,Super-prime
147,2012-04,22550534712.05103,22641355630.80808,Prime
147,2012-04,2310589899.526044,2255880510.101011,Subprime
147,2012-04,6475165725.758782,6477672341.414144,Near-prime
147,2012-04,702289870.8821284,682782840.9090909,Deep subprime
148,2012-05,132092562041.4038,127185693430.3031,Super-prime
148,2012-05,23608602020.03424,24505373660.60606,Prime
148,2012-05,2422853263.341872,2633321479.292931,Subprime
148,2012-05,6820389541.02053,7226393367.676769,Near-prime
148,2012-05,745489119.1683171,781555460.10101,Deep subprime
149,2012-06,129492907572.7427,135435719322.7273,Super-prime
149,2012-06,2208617366.174253,2600443654.040405,Subprime
149,2012-06,22455569973.86763,24853227933.83838,Prime
149,2012-06,6878488225.226012,7791570633.333334,Near-prime
149,2012-06,712051433.8303165,829593297.4747478,Deep subprime
150,2012-07,134132085940.755,140988209748.9899,Super-prime
150,2012-07,2156058676.50215,2062135173.232323,Subprime
150,2012-07,24129224845.46855,25369374210.60606,Prime
150,2012-07,6696219787.303479,6925896069.191919,Near-prime
150,2012-07,711015663.4521434,677072445.959596,Deep subprime
151,2012-08,152134921358.4796,165916770491.9192,Super-prime
151,2012-08,2386934030.650356,2487343199.999999,Subprime
151,2012-08,26167346085.28977,27733417543.9394,Prime
151,2012-08,7105544357.503008,7663336592.929294,Near-prime
151,2012-08,732677174.8095284,728794497.979798,Deep subprime
152,2012-09,141431790922.3879,141110020056.0605,Super-prime
152,2012-09,2095833267.30145,2185808244.444444,Subprime
152,2012-09,23815880211.8773,24134130021.71717,Prime
152,2012-09,7008594347.605855,7016602581.818184,Near-prime
152,2012-09,736975737.1340858,792016365.1515155,Deep subprime
153,2012-10,148540540447.9869,163430680545.4546,Super-prime
153,2012-10,26767922742.86301,28010189185.85858,Prime
153,2012-10,2684355820.145702,2743667968.686869,Subprime
153,2012-10,7819677720.897093,7919916860.606058,Near-prime
153,2012-10,907352659.7374731,928594738.3838385,Deep subprime
154,2012-11,146410617494.0065,153371047312.6263,Super-prime
154,2012-11,2488311651.466924,2306884434.343436,Subprime
154,2012-11,27382680601.70966,26239993864.64648,Prime
154,2012-11,7469037466.803887,6997542172.222221,Near-prime
154,2012-11,909367985.2514569,828209302.0202024,Deep subprime
155,2012-12,151381891701.6877,158651163217.6767,Super-prime
155,2012-12,2392619456.143977,2530218968.686868,Subprime
155,2012-12,27602733385.99944,28076622992.9293,Prime
155,2012-12,8067263216.798592,8011606459.090912,Near-prime
155,2012-12,825838622.6689153,832225019.1919192,Deep subprime
156,2013-01,168273084740.9533,147743201274.2424,Super-prime
156,2013-01,32178379924.30574,26892335657.07069,Prime
156,2013-01,3330302358.038043,2559431347.474748,Subprime
156,2013-01,8307506224.406588,7098432551.010102,Near-prime
156,2013-01,954682659.3484291,767983970.20202,Deep subprime
157,2013-02,156364068470.7987,129968996905.0505,Super-prime
157,2013-02,29369431860.21133,24886533210.60606,Prime
157,2013-02,2983767369.216426,2520854713.636363,Subprime
157,2013-02,8672579600.660816,7221155485.353534,Near-prime
157,2013-02,904038209.4576421,821060561.6161616,Deep subprime
158,2013-03,147075681149.4731,136750270123.7374,Super-prime
158,2013-03,2530156243.471444,2772667126.262628,Subprime
158,2013-03,27761886466.12123,27561343636.36364,Prime
158,2013-03,802962093.4343574,907378962.6262628,Deep subprime
158,2013-03,8398552188.890386,8761843577.272726,Near-prime
159,2013-04,1054455926.944919,1015947677.777778,Deep subprime
159,2013-04,145701414951.637,138588096378.283,Super-prime
159,2013-04,2834394189.990472,2727974584.343434,Subprime
159,2013-04,28965073461.41904,29134561970.70707,Prime
159,2013-04,8522085610.539784,8478761227.272731,Near-prime
160,2013-05,143807993234.1325,147341878491.9192,Super-prime
160,2013-05,2717742307.261853,2966980376.767676,Subprime
160,2013-05,28850492344.33798,30259799452.0202,Prime
160,2013-05,8425457183.914937,9128664612.626263,Near-prime
160,2013-05,954269115.2842509,1011483263.636363,Deep subprime
161,2013-06,128105335325.7002,139808736954.0405,Super-prime
161,2013-06,26890265369.03782,29975341716.66666,Prime
161,2013-06,2815656555.945715,3313741981.31313,Subprime
161,2013-06,8125022464.071683,9305283633.333328,Near-prime
161,2013-06,908912823.0842026,1064332905.050505,Deep subprime
162,2013-07,117916848228.2617,131524633209.0909,Super-prime
162,2013-07,1271574440.295163,1226309153.535354,Deep subprime
162,2013-07,2702143547.363708,2602118362.626263,Subprime
162,2013-07,27953825173.30006,30031280014.64646,Prime
162,2013-07,8421820286.415234,8701190519.191921,Near-prime
163,2013-08,24569929738.83029,26379914514.14141,Prime
163,2013-08,2767822342.084746,2911349878.787879,Subprime
163,2013-08,725751550.4025753,715787830.3030308,Deep subprime
163,2013-08,7948757731.806964,8604791108.080805,Near-prime
163,2013-08,97415610847.67459,106688018291.4142,Super-prime
164,2013-09,21078584358.77766,21368624006.06061,Prime
164,2013-09,2385007740.653223,2519227615.656565,Subprime
164,2013-09,7175627840.265417,7259103418.181817,Near-prime
164,2013-09,746028419.8260502,793765565.6565661,Deep subprime
164,2013-09,80009679767.16504,79125209883.83838,Super-prime
165,2013-10,20924266644.81422,21768024225.75757,Prime
165,2013-10,2189762994.219549,2235253496.969696,Subprime
165,2013-10,637494715.8182718,657222003.0303029,Deep subprime
165,2013-10,7125601430.11582,7177914139.89899,Near-prime
165,2013-10,71808212065.31192,75799433551.51512,Super-prime
166,2013-11,20429254448.91875,19395986924.24242,Prime
166,2013-11,2545618654.500496,2350487281.818183,Subprime
166,2013-11,651635490.4107054,589505691.9191921,Deep subprime
166,2013-11,68838303380.86279,67698351188.38384,Super-prime
166,2013-11,7544674569.748979,6981136845.959594,Near-prime
167,2013-12,19641359598.83397,19777424279.79798,Prime
167,2013-12,2283753766.802321,2419029064.646464,Subprime
167,2013-12,67967376800.12678,69541973712.1212,Super-prime
167,2013-12,6964610091.035221,6892617486.868686,Near-prime
167,2013-12,751594712.2113374,774732915.6565655,Deep subprime
168,2014-01,18822382192.03603,15391696002.52525,Prime
168,2014-01,2906641010.254058,2163244315.656566,Subprime
168,2014-01,620219451.6895864,496731111.6161616,Deep subprime
168,2014-01,63842696667.28873,53720203370.70707,Super-prime
168,2014-01,7223568121.148485,6069545641.41414,Near-prime
169,2014-02,17200298872.94152,14412041255.55556,Prime
169,2014-02,1978580661.976067,1661466721.212121,Subprime
169,2014-02,572269952.4320574,512536467.171717,Deep subprime
169,2014-02,60944698962.67403,49180245439.39395,Super-prime
169,2014-02,6644132976.855905,5448674985.858585,Near-prime
170,2014-03,17886697320.00144,17680867319.69698,Prime
170,2014-03,2193384512.65169,2443265717.171716,Subprime
170,2014-03,608041520.246146,687347325.7575759,Deep subprime
170,2014-03,63970873258.48917,60113128026.26263,Super-prime
170,2014-03,6721497396.755034,7041637224.747476,Near-prime
171,2014-04,19094087494.45523,19264439506.56565,Prime
171,2014-04,2185285887.737011,2073346289.898989,Subprime
171,2014-04,67949671977.30647,67477545359.09093,Super-prime
171,2014-04,7180397500.415492,7108037384.848484,Near-prime
171,2014-04,817579348.4539602,774175672.7272724,Deep subprime
172,2014-05,19729409722.88916,20983732463.63636,Prime
172,2014-05,2484488657.01481,2693510236.868687,Subprime
172,2014-05,68964624882.14275,73205392441.41414,Super-prime
172,2014-05,7340372670.902945,8095361531.313128,Near-prime
172,2014-05,742571038.1367066,784765603.0303029,Deep subprime
173,2014-06,20637899399.34136,23220584061.11109,Prime
173,2014-06,2296903438.444297,2708709783.333334,Subprime
173,2014-06,71947817334.08859,80957351806.56564,Super-prime
173,2014-06,7372733812.280916,8516680993.939394,Near-prime
173,2014-06,745946872.7789962,874135880.3030303,Deep subprime
174,2014-07,21864108683.25517,23811820503.03032,Prime
174,2014-07,3176553812.096605,3095642739.898991,Subprime
174,2014-07,724154583.2198125,711654742.9292929,Deep subprime
174,2014-07,75992242316.64862,87031157425.7576,Super-prime
174,2014-07,7802398237.162015,8056522918.181817,Near-prime
175,2014-08,20423859379.62469,22077098627.27272,Prime
175,2014-08,2400480827.151966,2522536564.141415,Subprime
175,2014-08,737681770.6168436,724506479.7979796,Deep subprime
175,2014-08,74664221951.15056,82161021718.68687,Super-prime
175,2014-08,7654997755.53663,8309330399.999997,Near-prime
176,2014-09,22215888209.24576,22524571506.06061,Prime
176,2014-09,2750270558.249179,2942950391.414141,Subprime
176,2014-09,689744147.2175298,732509436.8686867,Deep subprime
176,2014-09,77519920464.77733,77922096284.34343,Super-prime
176,2014-09,8246269108.935339,8424985174.242425,Near-prime
177,2014-10,21778358272.37427,22590164213.63637,Prime
177,2014-10,2625688873.221474,2686414081.313131,Subprime
177,2014-10,727965620.7757605,748834996.9696968,Deep subprime
177,2014-10,77483836320.84364,79620223743.93939,Super-prime
177,2014-10,8530386361.363423,8552451895.454552,Near-prime
178,2014-11,22367103539.02299,21135218687.87879,Prime
178,2014-11,2563658032.34171,2376482712.121212,Subprime
178,2014-11,719586029.30329,655546511.6161617,Deep subprime
178,2014-11,7893096030.529157,7297457201.515153,Near-prime
178,2014-11,82274928384.40121,77785866692.42426,Super-prime
179,2014-12,24659270369.23836,24659924033.83838,Prime
179,2014-12,2868975990.448447,3057479961.111111,Subprime
179,2014-12,8685110490.750505,8622143547.979797,Near-prime
179,2014-12,89408811821.28302,90525726445.95956,Super-prime
179,2014-12,953166796.0599672,1011873576.767677,Deep subprime
180,2015-01,23236646399.10665,18613977524.24243,Prime
180,2015-01,2726657802.064179,1976814918.686869,Subprime
180,2015-01,518691047.5318036,413504209.5959597,Deep subprime
180,2015-01,7682015060.52107,6337959281.81818,Near-prime
180,2015-01,89887139610.32173,72528815712.1212,Super-prime
181,2015-02,10986861384.20074,8850645214.141415,Near-prime
181,2015-02,121903999763.6492,94699606036.36365,Super-prime
181,2015-02,28618641455.62551,23562106263.13132,Prime
181,2015-02,2982691578.847068,2471301676.262627,Subprime
181,2015-02,893740175.3580691,775775678.2828286,Deep subprime
182,2015-03,11053439787.13326,11545336133.83839,Near-prime
182,2015-03,127391174848.4338,120228370288.8889,Super-prime
182,2015-03,30577871891.98849,30312315669.69698,Prime
182,2015-03,3312721592.581264,3743324451.010099,Subprime
182,2015-03,738754625.0136267,848522108.0808084,Deep subprime
183,2015-04,10292235999.24815,10141014566.16162,Near-prime
183,2015-04,107213289316.8908,108096117820.202,Super-prime
183,2015-04,29556945960.88154,29814335625.25254,Prime
183,2015-04,3346758352.745383,3116289537.878787,Subprime
183,2015-04,837771639.0402431,769285734.3434345,Deep subprime
184,2015-05,105074517894.3621,113259602408.0808,Super-prime
184,2015-05,11444358534.9488,12692128907.07071,Near-prime
184,2015-05,27156981592.76804,29182727418.68687,Prime
184,2015-05,3109569485.88107,3354276600,Subprime
184,2015-05,789874128.4124461,825209120.2020204,Deep subprime
185,2015-06,103980400945.1616,119521734644.4445,Super-prime
185,2015-06,10850499806.67965,12668768270.70707,Near-prime
185,2015-06,1089689635.571414,1277995604.545455,Deep subprime
185,2015-06,29618727172.95662,33548713272.22223,Prime
185,2015-06,3147523966.617028,3708538903.030305,Subprime
186,2015-07,10292461646.36271,10595370263.63636,Near-prime
186,2015-07,28182076922.36499,30760393853.03031,Prime
186,2015-07,3476461653.387514,3415594240.404042,Subprime
186,2015-07,919764999.6173803,907419053.0303029,Deep subprime
186,2015-07,95301981770.77327,109113912419.1919,Super-prime
187,2015-08,25833295208.64251,28149856493.43435,Prime
187,2015-08,2982593510.87855,3121441351.010102,Subprime
187,2015-08,791948625.4685897,783680643.4343433,Deep subprime
187,2015-08,88868557597.32344,98980928986.8687,Super-prime
187,2015-08,9567590149.5119,10473006089.89899,Near-prime
188,2015-09,10124312739.22301,10411816079.79798,Near-prime
188,2015-09,27517481824.16255,28026949449.49495,Prime
188,2015-09,3462579954.627093,3755735299.494953,Subprime
188,2015-09,806850359.4731323,862817970.7070705,Deep subprime
188,2015-09,92761393182.32343,95539290860.10104,Super-prime
189,2015-10,26258303147.78912,27318892640.40405,Prime
189,2015-10,3100813972.259627,3187478188.888889,Subprime
189,2015-10,890392197.8971026,913090708.5858589,Deep subprime
189,2015-10,91233854149.43268,94756273016.66663,Super-prime
189,2015-10,9932040654.564514,9976925098.484844,Near-prime
190,2015-11,23348375431.81518,22105811621.21211,Prime
190,2015-11,2781781572.14804,2605023888.383838,Subprime
190,2015-11,830034755.5316144,763304040.4040402,Deep subprime
190,2015-11,8574654838.558246,7965757355.555556,Near-prime
190,2015-11,88078027266.24466,83246509642.92928,Super-prime
191,2015-12,10232984880.49227,10215621207.0707,Near-prime
191,2015-12,27663587808.59055,27395422661.61619,Prime
191,2015-12,3182366705.919614,3405436178.787879,Subprime
191,2015-12,778974082.6882026,849947305.5555558,Deep subprime
191,2015-12,93188801385.4335,93403043389.39397,Super-prime
192,2016-01,27236931749.00792,21608696691.41413,Prime
192,2016-01,2968545523.800271,2120718658.080808,Subprime
192,2016-01,916487202.0408387,718334545.4545453,Deep subprime
192,2016-01,93546375159.27002,71976405617.67674,Super-prime
192,2016-01,9893525463.33902,8026393848.484847,Near-prime
193,2016-02,10010936065.24141,7950649152.525249,Near-prime
193,2016-02,29344535603.53594,23837603380.80808,Prime
193,2016-02,3171368754.713281,2609269996.969698,Subprime
193,2016-02,882759461.7341776,750162119.191919,Deep subprime
193,2016-02,99664950823.73523,74809399737.37373,Super-prime
194,2016-03,10214945194.04868,10625000430.30302,Near-prime
194,2016-03,119651686750.2431,112471388708.5859,Super-prime
194,2016-03,31769888106.40554,31493430170.20204,Prime
194,2016-03,3372386579.917201,3835712108.08081,Subprime
194,2016-03,920302497.1980164,1087924028.282828,Deep subprime
195,2016-04,11069304988.02167,10826039860.10101,Near-prime
195,2016-04,114366431226.4324,114142201723.7374,Super-prime
195,2016-04,31093398649.41553,31165485321.71719,Prime
195,2016-04,3256993076.451847,2982907913.636364,Subprime
195,2016-04,784222229.0481584,697716431.8181819,Deep subprime
196,2016-05,10261752653.7809,11363397617.67677,Near-prime
196,2016-05,113518854922.3283,122499826802.0202,Super-prime
196,2016-05,3135814360.372792,3331699729.29293,Subprime
196,2016-05,32143840771.9348,34759123839.89899,Prime
196,2016-05,840618785.4439111,856443550.0000004,Deep subprime
197,2016-06,10967928794.40727,12829151074.24242,Near-prime
197,2016-06,115905146846.2536,133674044264.6465,Super-prime
197,2016-06,31877361340.98762,36131891290.40404,Prime
197,2016-06,3767891562.702343,4429695100.000001,Subprime
197,2016-06,751349668.8759402,883455021.7171718,Deep subprime
198,2016-07,107105791012.0675,121799656568.6868,Super-prime
198,2016-07,10755762762.93458,11074405257.57576,Near-prime
198,2016-07,31774779688.41435,34515778793.93941,Prime
198,2016-07,3265271898.378539,3241002690.90909,Subprime
198,2016-07,921022164.552981,900342993.9393938,Deep subprime
199,2016-08,1026790794.868896,1030284695.454545,Deep subprime
199,2016-08,12077454074.55141,13355104998.9899,Near-prime
199,2016-08,135136505579.5146,155580373672.7273,Super-prime
199,2016-08,35429550275.91535,38861733815.15153,Prime
199,2016-08,3614581934.626135,3797570299.494948,Subprime
200,2016-09,1074688618.214027,1157706035.353535,Deep subprime
200,2016-09,11884960876.22349,12284829529.79798,Near-prime
200,2016-09,136714071822.9431,143496618194.9495,Super-prime
200,2016-09,34222372043.7215,35212505457.57578,Prime
200,2016-09,3567497560.049164,3909034849.49495,Subprime
201,2016-10,1004142095.465108,1027084294.949495,Deep subprime
201,2016-10,11122223311.10492,11211905395.95959,Near-prime
201,2016-10,134267652703.3378,142944450555.0506,Super-prime
201,2016-10,35960448335.66209,37800630446.46464,Prime
201,2016-10,3827922992.684026,3925953363.636362,Subprime
202,2016-11,12202013870.43023,11415785307.57576,Near-prime
202,2016-11,132983453191.2589,127947997463.6364,Super-prime
202,2016-11,35084462551.60034,33460966901.51515,Prime
202,2016-11,3942321071.48249,3729795616.666667,Subprime
202,2016-11,988669623.6681952,912033653.5353538,Deep subprime
203,2016-12,11573441052.60926,11625573990.40404,Near-prime
203,2016-12,124959847247.1338,122412052226.2626,Super-prime
203,2016-12,35132477414.86001,34292460756.0606,Prime
203,2016-12,3865572531.403645,4119317978.28283,Subprime
203,2016-12,953632899.9473511,1056775890.909091,Deep subprime
204,2017-01,112487519398.5684,83790213830.30304,Super-prime
204,2017-01,30735670314.78847,24323001606.56566,Prime
204,2017-01,3331809600.417353,2410853824.747475,Subprime
204,2017-01,840477152.3335643,660198862.6262625,Deep subprime
204,2017-01,9956098560.055597,8024817705.050508,Near-prime
205,2017-02,10883267063.68971,8622014165.65657,Near-prime
205,2017-02,28891418035.9211,23355961377.77777,Prime
205,2017-02,3394597339.515126,2805020020.202021,Subprime
205,2017-02,810435604.7195481,684787878.2828282,Deep subprime
205,2017-02,99456274268.875,73181341257.07074,Super-prime
206,2017-03,1016856944.628681,1231700253.535353,Deep subprime
206,2017-03,10707168515.4915,11049494719.69697,Near-prime
206,2017-03,28663337276.4354,28409302599.99999,Prime
206,2017-03,3408052849.382541,3863561949.999999,Subprime
206,2017-03,99122856233.72182,91944199686.36368,Super-prime
207,2017-04,28270029511.56287,28062354647.9798,Prime
207,2017-04,3101586644.199502,2814563398.9899,Subprime
207,2017-04,856268065.8626834,743106766.6666666,Deep subprime
207,2017-04,89159865821.07732,87123336873.23238,Super-prime
207,2017-04,9553956584.674723,9325913806.565655,Near-prime
208,2017-05,10856183377.70729,11864376045.45455,Near-prime
208,2017-05,29947673959.70923,32556870914.14141,Prime
208,2017-05,3642269124.193133,3812584630.808082,Subprime
208,2017-05,919028423.4703017,920470946.4646465,Deep subprime
208,2017-05,97857897047.87213,106434219112.6263,Super-prime
209,2017-06,10838374966.68001,12574909120.70707,Near-prime
209,2017-06,29057336254.53752,32612780671.21211,Prime
209,2017-06,3615326497.579347,4194282374.242425,Subprime
209,2017-06,949772659.9110858,1108789146.464647,Deep subprime
209,2017-06,98971267170.01123,114586081483.8384,Super-prime
210,2017-07,10639651219.68958,10999274988.38384,Near-prime
210,2017-07,28364214525.69164,30638576745.45454,Prime
210,2017-07,3262716120.706668,3251316253.535354,Subprime
210,2017-07,895840907.7265379,857887373.2323232,Deep subprime
210,2017-07,94890126742.84691,107709352221.2121,Super-prime
211,2017-08,10540019604.79284,11785545410.10101,Near-prime
211,2017-08,30236296428.22026,33425794347.47477,Prime
211,2017-08,3416863663.283906,3635160947.979797,Subprime
211,2017-08,938966974.5929749,957012780.3030306,Deep subprime
211,2017-08,98290087236.48712,115254673746.4646,Super-prime
212,2017-09,10954873748.63049,11280557070.20202,Near-prime
212,2017-09,1176150543.732102,1269563211.111111,Deep subprime
212,2017-09,30112812058.02428,31076378010.101,Prime
212,2017-09,3432561184.893694,3763485922.222222,Subprime
212,2017-09,95782298554.75317,101596620726.7677,Super-prime
213,2017-10,100596478452.6963,109307030556.5656,Super-prime
213,2017-10,11025194845.78068,11195547585.85859,Near-prime
213,2017-10,29695322716.39605,31689452927.77777,Prime
213,2017-10,3623102037.751162,3732201203.535353,Subprime
213,2017-10,914729613.2979269,934896214.1414139,Deep subprime
214,2017-11,104139358446.2881,100903593770.202,Super-prime
214,2017-11,10572362826.70885,9980868230.303032,Near-prime
214,2017-11,1091351774.611457,1007170544.949495,Deep subprime
214,2017-11,30087681239.59346,28932970620.70707,Prime
214,2017-11,3683967230.05978,3528027662.121212,Subprime
215,2017-12,102407807266.0489,97524177861.11115,Super-prime
215,2017-12,1030628639.721336,1149593259.595959,Deep subprime
215,2017-12,11074887252.02143,11173972300.50504,Near-prime
215,2017-12,29705327800.66826,28537784113.63635,Prime
215,2017-12,3496293566.146712,3673353624.242425,Subprime
216,2018-01,103890391290.5176,76014246245.95959,Super-prime
216,2018-01,10589231511.81784,8558170470.707072,Near-prime
216,2018-01,30520105974.9995,24301233002.52526,Prime
216,2018-01,3648473390.918883,2713784521.212121,Subprime
216,2018-01,705920619.5043108,565809916.6666666,Deep subprime
217,2018-02,10108231623.97706,8082955345.959599,Near-prime
217,2018-02,102124946773.06,75471979483.33334,Super-prime
217,2018-02,28500590905.6766,23176930626.26262,Prime
217,2018-02,3255109930.84193,2742267684.848485,Subprime
217,2018-02,881942935.5617659,750349732.3232324,Deep subprime
218,2018-03,100232973470.8309,92841888764.64645,Super-prime
218,2018-03,10288891106.22355,10553651458.58586,Near-prime
218,2018-03,28893550569.18477,28588543558.08083,Prime
218,2018-03,3746865019.114205,4169410834.848486,Subprime
218,2018-03,927482948.1207664,1121546610.606061,Deep subprime
219,2018-04,28137278708.13819,27705742919.69698,Prime
219,2018-04,3508835082.346071,3198650884.848484,Subprime
219,2018-04,895141460.8988029,786459965.1515151,Deep subprime
219,2018-04,9631203311.476969,9401579069.696968,Near-prime
219,2018-04,96524715996.58835,94609574552.52519,Super-prime
220,2018-05,10007399736.97552,10763542555.0505,Near-prime
220,2018-05,28123722158.51292,30729706868.68687,Prime
220,2018-05,3587788305.998696,3704114649.999999,Subprime
220,2018-05,935258434.2886322,924380131.818182,Deep subprime
220,2018-05,97292825194.81602,105904963573.7374,Super-prime
221,2018-06,10844316901.92689,12365373083.83838,Near-prime
221,2018-06,28033111341.42751,31063090301.51516,Prime
221,2018-06,3543167250.48613,4029348662.626261,Subprime
221,2018-06,96199978855.85587,110680802177.7778,Super-prime
221,2018-06,965610458.145978,1117839053.030303,Deep subprime
222,2018-07,27448188379.40294,29489543666.66666,Prime
222,2018-07,3631219035.51527,3637601392.929292,Subprime
222,2018-07,92335320837.08051,105074476509.0909,Super-prime
222,2018-07,923664953.1380708,865336795.4545457,Deep subprime
222,2018-07,9752845449.169464,10227436166.66667,Near-prime
223,2018-08,10208461270.82442,11412413540.9091,Near-prime
223,2018-08,28109297654.83262,31143501368.68687,Prime
223,2018-08,3618636665.4752,3896811496.969697,Subprime
223,2018-08,90095906492.62933,105197104995.4545,Super-prime
223,2018-08,914454138.0112265,943229193.939394,Deep subprime
224,2018-09,24830827294.88511,25711971924.24243,Prime
224,2018-09,3438268768.348586,3753701437.373737,Subprime
224,2018-09,74539760005.02414,79716288087.37376,Super-prime
224,2018-09,9147263845.999878,9333987159.595959,Near-prime
224,2018-09,954405636.9048897,1019861109.595959,Deep subprime
225,2018-10,25112174564.46412,26975981366.16162,Prime
225,2018-10,3039535214.841707,3131495303.535354,Subprime
225,2018-10,83008689389.58986,90928787464.6465,Super-prime
225,2018-10,955453635.1702442,970738318.6868684,Deep subprime
225,2018-10,9968874306.392542,10185521737.87879,Near-prime
226,2018-11,25613041855.82404,24764738643.93938,Prime
226,2018-11,3393676496.916039,3296235035.353536,Subprime
226,2018-11,83673208370.30396,80127326162.12122,Super-prime
226,2018-11,8896071283.107838,8483301084.84848,Near-prime
226,2018-11,901943762.952155,840775966.1616161,Deep subprime
227,2018-12,23933067470.66493,22664924458.58585,Prime
227,2018-12,3246571627.707896,3357229859.090909,Subprime
227,2018-12,82643922693.44649,77142565420.20206,Super-prime
227,2018-12,8651480179.210333,8761527610.101013,Near-prime
227,2018-12,994608347.6213107,1105393282.323232,Deep subprime
228,2019-01,23370797003.54365,18843192084.34343,Prime
228,2019-01,3424549473.90756,2653076120.20202,Subprime
228,2019-01,7621023807.53667,6235960191.919193,Near-prime
228,2019-01,86773489948.70691,63291153057.07073,Super-prime
228,2019-01,909539902.4278139,762310507.0707072,Deep subprime
229,2019-02,1107468792.688771,950491553.0303031,Deep subprime
229,2019-02,28171232968.7715,23094772622.22223,Prime
229,2019-02,3888616539.794786,3314732517.676767,Subprime
229,2019-02,96837545147.1396,73723656002.52525,Super-prime
229,2019-02,9772450921.497896,7915382771.717173,Near-prime
230,2019-03,1256862722.251456,1484775311.111111,Deep subprime
230,2019-03,27545248941.18491,27386924515.65656,Prime
230,2019-03,3591738793.127636,3927667129.797979,Subprime
230,2019-03,98219484651.86697,93352648084.34338,Super-prime
230,2019-03,9976756966.90794,10216631828.28282,Near-prime
231,2019-04,11008608229.286,10764593817.17172,Near-prime
231,2019-04,115340094064.8543,114678273643.4344,Super-prime
231,2019-04,1241344646.673295,1121556618.181818,Deep subprime
231,2019-04,31935272022.27352,31392542688.88889,Prime
231,2019-04,4057903314.229814,3740496292.929292,Subprime
232,2019-05,11450380865.04907,12043480520.70707,Near-prime
232,2019-05,1230289814.353488,1207133216.666666,Deep subprime
232,2019-05,125437196580.8941,136787315243.9393,Super-prime
232,2019-05,33363753419.35958,36489935644.94952,Prime
232,2019-05,4202811281.05828,4288320810.606062,Subprime
233,2019-06,11047822732.40865,12373447661.61616,Near-prime
233,2019-06,118790414154.9899,134783012318.6869,Super-prime
233,2019-06,1439063811.289832,1631907944.444445,Deep subprime
233,2019-06,34059132911.03528,37448102572.22222,Prime
233,2019-06,4387760510.557732,4830555487.878786,Subprime
234,2019-07,12175598862.56941,12984432657.57575,Near-prime
234,2019-07,1353239222.797709,1252970183.333333,Deep subprime
234,2019-07,146227895840.1826,163996300634.3434,Super-prime
234,2019-07,37467473175.70087,40097285815.65656,Prime
234,2019-07,4662086463.10675,4708042078.787877,Subprime
235,2019-08,12645274537.57289,14157152880.80808,Near-prime
235,2019-08,1414692586.789741,1489739613.131312,Deep subprime
235,2019-08,150419122005.0747,170874630666.1617,Super-prime
235,2019-08,38197090764.04987,42177113999.49493,Prime
235,2019-08,4615199472.522081,5054276365.656565,Subprime
236,2019-09,13024637618.85286,13199049895.45454,Near-prime
236,2019-09,1391911241.370814,1470032762.121212,Deep subprime
236,2019-09,165318556674.4187,178750753995.4546,Super-prime
236,2019-09,40841946269.85512,42411336664.14142,Prime
236,2019-09,4548731883.675817,4986250334.848484,Subprime
237,2019-10,13110296214.42122,13498753382.82828,Near-prime
237,2019-10,1509481451.231344,1523996255.555556,Deep subprime
237,2019-10,169499932407.8471,184900346434.8484,Super-prime
237,2019-10,42304463977.37408,45330335848.9899,Prime
237,2019-10,4560989229.435267,4690232962.626265,Subprime
238,2019-11,13336655941.95097,12727361861.11111,Near-prime
238,2019-11,1359388207.986031,1288942845.454545,Deep subprime
238,2019-11,170034912930.9622,159958860297.4747,Super-prime
238,2019-11,41018188067.95378,39556789253.0303,Prime
238,2019-11,4460731036.693183,4361140999.494952,Subprime
239,2019-12,13075660695.75683,13110480213.63637,Near-prime
239,2019-12,1583857003.734235,1724208809.090909,Deep subprime
239,2019-12,173424618078.4602,161865590923.7374,Super-prime
239,2019-12,41078662762.67747,38478961198.98991,Prime
239,2019-12,5167098839.314441,5243057716.161618,Subprime
240,2020-01,13379081514.29936,11013443248.48484,Near-prime
240,2020-01,1547482158.729888,1350648248.484849,Deep subprime
240,2020-01,183775456147.3289,135848907106.5656,Super-prime
240,2020-01,42166815356.46605,34320322805.55556,Prime
240,2020-01,4668330698.81731,3705813477.272729,Subprime
241,2020-02,13006407937.39531,10718052708.58586,Near-prime
241,2020-02,1539065179.537688,1345970815.656566,Deep subprime
241,2020-02,192147032222.4946,150692162763.1313,Super-prime
241,2020-02,42906126930.13036,35557201095.45456,Prime
241,2020-02,4435314710.459723,3804287181.313131,Subprime
242,2020-03,12368398988.56319,12795835639.89899,Near-prime
242,2020-03,1279858653.014327,1457409645.959596,Deep subprime
242,2020-03,211575803292.375,210080394806.0606,Super-prime
242,2020-03,4038657555.893422,4355111815.656564,Subprime
242,2020-03,43454168884.92686,43675702417.67677,Prime
243,2020-04,1297555185.694094,1216965790.40404,Deep subprime
243,2020-04,12988409688.4551,12674105981.81819,Near-prime
243,2020-04,248220663600.5782,251883598551.01,Super-prime
243,2020-04,3894954058.196049,3683440338.383837,Subprime
243,2020-04,44856332491.50966,44281735885.8586,Prime
244,2020-05,10936334273.36998,11372354776.26262,Near-prime
244,2020-05,1408329690.878149,1360325426.262626,Deep subprime
244,2020-05,238040498959.5524,258044767889.394,Super-prime
244,2020-05,3166751477.413522,3211723891.414143,Subprime
244,2020-05,41191117340.71205,45059244964.14143,Prime
245,2020-06,11814752023.65924,13067198296.9697,Near-prime
245,2020-06,262362404189.9198,293719119706.5656,Super-prime
245,2020-06,3563924969.785042,3800229455.555557,Subprime
245,2020-06,47125728197.3267,51876837907.57578,Prime
245,2020-06,991556814.9538651,1094616188.383838,Deep subprime
246,2020-07,12636089918.70544,13645011631.31313,Near-prime
246,2020-07,1302088058.371646,1218913977.777777,Deep subprime
246,2020-07,281904262223.3555,306486694610.6063,Super-prime
246,2020-07,3563391340.026988,3639460653.030303,Subprime
246,2020-07,50707267425.71426,53933666786.36364,Prime
247,2020-08,1014490123.663919,1094555807.575758,Deep subprime
247,2020-08,11849093006.66948,13258588651.51515,Near-prime
247,2020-08,284942533772.4405,316282720469.1918,Super-prime
247,2020-08,3523480777.813226,3910421709.090909,Subprime
247,2020-08,49364821790.63641,54198137243.93938,Prime
248,2020-09,12506967747.58736,12704766191.91919,Near-prime
248,2020-09,306813596537.5356,333612206697.4746,Super-prime
248,2020-09,3682938332.722209,4047426814.646465,Subprime
248,2020-09,51847201424.77233,54090085940.40407,Prime
248,2020-09,816345532.2529328,850621321.7171718,Deep subprime
249,2020-10,13620925914.05728,14057478747.97981,Near-prime
249,2020-10,332461770536.5185,357377036414.6465,Super-prime
249,2020-10,4025551743.779434,4135306060.606061,Subprime
249,2020-10,56320659462.43967,59722776335.35354,Prime
249,2020-10,953126494.7671224,966675078.7878789,Deep subprime
250,2020-11,14487155585.1899,13687824141.91919,Near-prime
250,2020-11,330876534955.7444,306734700604.0403,Super-prime
250,2020-11,3665048454.096022,3562741509.595961,Subprime
250,2020-11,57408599097.66217,54844191226.26264,Prime
250,2020-11,977699108.8822538,941282345.4545455,Deep subprime
251,2020-12,1084465006.790834,1132818771.212121,Deep subprime
251,2020-12,15677367140.2851,15464757869.19192,Near-prime
251,2020-12,357395052091.3906,339013503169.192,Super-prime
251,2020-12,3800162284.459541,3795430126.767678,Subprime
251,2020-12,65745532437.23709,61155987305.05054,Prime
252,2021-01,1167712488.874151,1063358027.777778,Deep subprime
252,2021-01,15615065639.24135,12879957150.50505,Near-prime
252,2021-01,401812966798.9329,298780274494.9493,Super-prime
252,2021-01,4573417936.404806,3686870405.555555,Subprime
252,2021-01,63113907503.34562,51470145652.0202,Prime
253,2021-02,1139436842.837204,1016798882.323233,Deep subprime
253,2021-02,15172901804.5517,12725600182.82828,Near-prime
253,2021-02,390538059912.631,313468282332.8282,Super-prime
253,2021-02,4177091166.008941,3582841112.626262,Subprime
253,2021-02,63586396127.00358,53100470963.13134,Prime
254,2021-03,1021834832.984299,1127345122.727273,Deep subprime
254,2021-03,15365788156.33132,16048315586.86868,Near-prime
254,2021-03,358147283571.4117,371174601767.1717,Super-prime
254,2021-03,4084243294.004243,4377364687.878789,Subprime
254,2021-03,61896502252.7335,63094293881.31313,Prime
255,2021-04,1215243967.410295,1170167096.464647,Deep subprime
255,2021-04,15465334557.2912,15114089357.57576,Near-prime
255,2021-04,304765925206.66,308824265171.7173,Super-prime
255,2021-04,4196900000.994081,4084700457.575758,Subprime
255,2021-04,57891334615.18936,57620747496.46466,Prime
256,2021-05,1106921497.931016,1052174179.79798,Deep subprime
256,2021-05,14895753247.67147,15381481781.81818,Near-prime
256,2021-05,244757810447.5356,268490754225.2525,Super-prime
256,2021-05,3938717220.980261,3985581327.777776,Subprime
256,2021-05,50810293945.76637,55717806590.40405,Prime
257,2021-06,1132720101.868098,1188451922.727272,Deep subprime
257,2021-06,15386357955.64349,16875869725.75757,Near-prime
257,2021-06,260404038735.774,291398718627.7776,Super-prime
257,2021-06,4040752982.990192,4195402933.838386,Subprime
257,2021-06,56185205585.77042,62273246928.28284,Prime
258,2021-07,1082152903.790182,1032298032.828283,Deep subprime
258,2021-07,15883789232.9118,17267847111.11111,Near-prime
258,2021-07,248914220073.6897,260599373294.4446,Super-prime
258,2021-07,4081465552.7464,4190655119.191918,Subprime
258,2021-07,55527258961.94279,58612354252.52526,Prime
259,2021-08,1163723274.34823,1299483196.464646,Deep subprime
259,2021-08,14777982427.31384,16723286407.0707,Near-prime
259,2021-08,253250892346.9328,280443429971.2121,Super-prime
259,2021-08,3961018686.789143,4452281016.161617,Subprime
259,2021-08,57075777483.98234,62642603948.98991,Prime
260,2021-09,1112847915.275406,1165199871.212121,Deep subprime
260,2021-09,15417695359.97832,15775925102.0202,Near-prime
260,2021-09,255241698128.2248,277118386187.8789,Super-prime
260,2021-09,4268884090.900595,4686548619.191919,Subprime
260,2021-09,58604452781.46462,61121807793.9394,Prime
261,2021-10,1181957511.612187,1215782816.161616,Deep subprime
261,2021-10,15656442591.56459,16184839770.70707,Near-prime
261,2021-10,248164923842.5085,260552431546.4644,Super-prime
261,2021-10,4317500965.330852,4467176154.040404,Subprime
261,2021-10,56595026691.22204,59332974714.1414,Prime
262,2021-11,1224772210.214997,1198052198.484848,Deep subprime
262,2021-11,16844650495.66999,15641675039.89899,Near-prime
262,2021-11,260359091395.9434,239700405487.3738,Super-prime
262,2021-11,4754480059.938828,4595051995.454548,Subprime
262,2021-11,60197200498.07274,56801811960.101,Prime
263,2021-12,16265579645.14397,15677680030.30303,Near-prime
263,2021-12,241572472547.4427,231446922378.7878,Super-prime
263,2021-12,4667117453.404311,4596536443.434342,Subprime
263,2021-12,57649001011.30386,53475651441.91921,Prime
263,2021-12,947056889.1793275,948278521.7171719,Deep subprime
264,2022-01,1061073985.314719,980025123.2323229,Deep subprime
264,2022-01,15190871833.61269,12432476432.82829,Near-prime
264,2022-01,234490966149.9874,173399501304.5454,Super-prime
264,2022-01,4482447204.825295,3594438634.343433,Subprime
264,2022-01,54962975763.2582,44494034438.88886,Prime
265,2022-02,14386623800.11995,12211815102.0202,Near-prime
265,2022-02,204347579799.693,165697004545.9596,Super-prime
265,2022-02,3729340410.127483,3183699746.969696,Subprime
265,2022-02,51204335108.89845,42877383865.65658,Prime
265,2022-02,884467324.1853434,794698482.8282828,Deep subprime
266,2022-03,13741767516.11678,14429007331.81818,Near-prime
266,2022-03,181461906084.3362,190116313896.9697,Super-prime
266,2022-03,3792047648.861972,4031858105.555556,Subprime
266,2022-03,47257512470.85988,48642296172.22221,Prime
266,2022-03,965695254.3484195,1038452849.49495,Deep subprime
267,2022-04,12228957097.68597,11949866128.28282,Near-prime
267,2022-04,168611951878.4345,171655225696.4647,Super-prime
267,2022-04,3343107897.530033,3340211381.818183,Subprime
267,2022-04,43171018739.681,43340806697.9798,Prime
267,2022-04,833485925.85107,819554969.1919192,Deep subprime
268,2022-05,10741477943.22947,11158540526.76768,Near-prime
268,2022-05,141572766637.2931,158321956717.1717,Super-prime
268,2022-05,3221081029.098156,3290040310.606061,Subprime
268,2022-05,36909398065.89574,40845188491.41415,Prime
268,2022-05,764054020.2325293,716350415.6565654,Deep subprime
269,2022-06,10609219225.89333,11665874818.18182,Near-prime
269,2022-06,132045092720.5114,149695036607.5757,Super-prime
269,2022-06,2926072446.61926,3017470576.767676,Subprime
269,2022-06,34730331319.62811,38890005951.01011,Prime
269,2022-06,748736471.6829487,750348138.3838387,Deep subprime
270,2022-07,116777676506.8518,120189161646.4647,Super-prime
270,2022-07,30687102112.05191,32089106714.64645,Prime
270,2022-07,3105974904.237068,3191809254.040405,Subprime
270,2022-07,742437081.330362,721456396.4646465,Deep subprime
270,2022-07,9925686515.660307,10816981234.84849,Near-prime
271,2022-08,108712626956.3985,121444009448.9898,Super-prime
271,2022-08,28915719840.79063,31881113647.47475,Prime
271,2022-08,3182078302.403371,3595966167.171718,Subprime
271,2022-08,735588447.6326427,848313934.3434341,Deep subprime
271,2022-08,9754096348.006262,11172239666.66667,Near-prime
272,2022-09,103160257887.2532,110799603779.798,Super-prime
272,2022-09,27364103524.68314,28527433524.24244,Prime
272,2022-09,2944159149.69819,3206509160.101011,Subprime
272,2022-09,866705851.9199258,914775985.3535352,Deep subprime
272,2022-09,9962732776.261349,10297662494.9495,Near-prime
273,2022-10,24151203107.06647,24995467730.30303,Prime
273,2022-10,2577751232.194604,2683976546.464647,Subprime
273,2022-10,594989485.8096066,624588874.2424241,Deep subprime
273,2022-10,8455382596.463777,8732683368.181818,Near-prime
273,2022-10,90640705522.56082,94352478146.46465,Super-prime
274,2022-11,22181558396.39481,20718614426.76769,Prime
274,2022-11,2430396518.920938,2341527845.959595,Subprime
274,2022-11,706234268.363377,702002439.3939393,Deep subprime
274,2022-11,7505503877.923706,6823483771.212123,Near-prime
274,2022-11,83063019697.3555,75431136207.57574,Super-prime
275,2022-12,2180873495.96309,2129269117.171717,Subprime
275,2022-12,21974996857.82234,20329514560.10101,Prime
275,2022-12,614491667.0116152,590646306.0606061,Deep subprime
275,2022-12,6762319869.613608,6379033295.959597,Near-prime
275,2022-12,81371394939.6283,77788050256.56563,Super-prime
276,2023-01,18347359866.57496,14695158110.60606,Prime
276,2023-01,2035849512.104965,1621775552.020202,Subprime
276,2023-01,576330472.6866636,532420319.1919191,Deep subprime
276,2023-01,6731803319.099733,5457203303.030303,Near-prime
276,2023-01,74870802915.43791,54027901462.12122,Super-prime
277,2023-02,20182333271.04934,16868258162.62627,Prime
277,2023-02,2166400682.685002,1830132480.808081,Subprime
277,2023-02,7120940863.485526,6086291475.757575,Near-prime
277,2023-02,722476441.8958178,646300450.5050504,Deep subprime
277,2023-02,78201887765.96324,63366317029.79798,Super-prime
278,2023-03,22036013943.81143,22768948302.52525,Prime
278,2023-03,2339032461.356974,2473710494.444444,Subprime
278,2023-03,564826988.3786165,601799925.7575756,Deep subprime
278,2023-03,7675390013.66718,8061727651.515153,Near-prime
278,2023-03,88823912044.85954,92297625127.27275,Super-prime
279,2023-04,21664610083.31978,21967876950,Prime
279,2023-04,2434156096.550282,2471329443.939394,Subprime
279,2023-04,469201696.9236925,465315060.6060606,Deep subprime
279,2023-04,6914228761.629095,6754110359.595958,Near-prime
279,2023-04,81174845610.74612,83304655264.14143,Super-prime
280,2023-05,23790953290.64828,26538732658.0808,Prime
280,2023-05,2485674182.688208,2565350495.959596,Subprime
280,2023-05,658731536.6671752,611621193.4343433,Deep subprime
280,2023-05,7693067339.068189,8055698962.626264,Near-prime
280,2023-05,92379236617.63148,106365987344.4445,Super-prime
281,2023-06,23193745950.2835,26267377175.75758,Prime
281,2023-06,2782339315.213828,2867412820.202021,Subprime
281,2023-06,679428604.1276205,654021113.6363636,Deep subprime
281,2023-06,7863753113.143394,8702687262.626257,Near-prime
281,2023-06,96403424452.20517,110536177648.9899,Super-prime
282,2023-07,1958859625.39093,2016763676.767676,Subprime
282,2023-07,22354092845.86256,23251453103.53536,Prime
282,2023-07,6910904494.104692,7528361415.151514,Near-prime
282,2023-07,719535157.8395822,708464598.4848487,Deep subprime
282,2023-07,92454975342.04398,95285437645.45454,Super-prime
283,2023-08,21872851103.62525,24267207571.21212,Prime
283,2023-08,2251110626.257604,2560542051.515151,Subprime
283,2023-08,622232222.6631628,736716309.0909092,Deep subprime
283,2023-08,6945975196.685116,8097340243.939394,Near-prime
283,2023-08,91890314634.67061,103815090869.192,Super-prime
284,2023-09,1839599254.249403,1992405094.444445,Subprime
284,2023-09,20473737964.27835,21299461289.89898,Prime
284,2023-09,613681692.9260057,656441704.0404041,Deep subprime
284,2023-09,6847982493.923507,7131679769.191922,Near-prime
284,2023-09,82005653009.49348,86752470759.09093,Super-prime
285,2023-10,20044468082.45099,20559834431.81818,Prime
285,2023-10,2038995974.130433,2132132395.959596,Subprime
285,2023-10,609230565.0586072,651746824.7474748,Deep subprime
285,2023-10,6181487316.431726,6403712453.030299,Near-prime
285,2023-10,78931861070.82428,82255432654.04039,Super-prime
286,2023-11,19422257011.13688,18005252348.9899,Prime
286,2023-11,1950879730.09663,1876193390.909091,Subprime
286,2023-11,540301481.1150944,543577091.9191918,Deep subprime
286,2023-11,6084404679.399266,5416627570.202023,Near-prime
286,2023-11,80469890772.2406,72362084356.06061,Super-prime
287,2023-12,19405486044.03464,17885578769.69698,Prime
287,2023-12,1962618713.850078,1898165307.575758,Subprime
287,2023-12,630206590.9916942,591318769.1919193,Deep subprime
287,2023-12,6302858741.889207,5810367546.969695,Near-prime
287,2023-12,71574521903.45427,67530901022.72725,Super-prime
288,2024-01,20068127325.40592,15886024721.21212,Prime
288,2024-01,2650488022.293822,2081247602.525253,Subprime
288,2024-01,6755985023.295382,5407143004.545454,Near-prime
288,2024-01,723398646.3334019,655171963.1313133,Deep subprime
288,2024-01,87042662453.13466,61756374463.13131,Super-prime
289,2024-02,21066837289.90992,17539209574.24241,Prime
289,2024-02,2432160067.960102,2040628413.131313,Subprime
289,2024-02,7466509980.665545,6396479902.525255,Near-prime
289,2024-02,785180627.3240513,697645324.7474747,Deep subprime
289,2024-02,93567292765.50932,75354952247.47475,Super-prime
290,2024-03,20711880755.6683,21394692617.67678,Prime
290,2024-03,2342546556.444605,2457281908.080808,Subprime
290,2024-03,6660557970.100932,6983414654.040403,Near-prime
290,2024-03,821661432.0462161,870346490.4040403,Deep subprime
290,2024-03,88518550438.39984,89786827865.65659,Super-prime
291,2024-04,21402858765.55997,21876001579.79797,Prime
291,2024-04,2484245490.105401,2550264471.212121,Subprime
291,2024-04,7213550207.54461,7051914827.272728,Near-prime
291,2024-04,791397440.509092,788251764.1414143,Deep subprime
291,2024-04,93426163926.11,98332967707.57576,Super-prime
292,2024-05,21742506355.57121,24465757902.52525,Prime
292,2024-05,2414772502.446551,2521241711.616163,Subprime
292,2024-05,7230103394.614424,7673536083.333334,Near-prime
292,2024-05,757590430.8228333,701576134.3434341,Deep subprime
292,2024-05,94483256723.38513,110669266207.5758,Super-prime
293,2024-06,19766431601.95654,22576004332.32325,Prime
293,2024-06,2377481224.607043,2470675759.09091,Subprime
293,2024-06,6485865602.40738,7237489033.333333,Near-prime
293,2024-06,728613492.759802,689850058.080808,Deep subprime
293,2024-06,90965559628.15181,104476096223.7374,Super-prime
294,2024-07,108373670801.7404,112763448285.8587,Super-prime
294,2024-07,2542944540.616336,2622368785.858585,Subprime
294,2024-07,25633171950.52237,26581393915.15151,Prime
294,2024-07,7570357547.873995,8223188936.868691,Near-prime
294,2024-07,836177746.2694652,831770275.2525251,Deep subprime
295,2024-08,23698646011.51879,26387163746.96969,Prime
295,2024-08,2532416681.428346,2897978341.414142,Subprime
295,2024-08,8032398365.453076,9467894677.777781,Near-prime
295,2024-08,98097396325.53197,111151068118.6869,Super-prime
295,2024-08,984921536.0530492,1181511853.030303,Deep subprime
296,2024-09,1022936511.71458,1100931579.797979,Deep subprime
296,2024-09,23941618871.02058,24895765607.0707,Prime
296,2024-09,2705446897.13271,2917355779.292929,Subprime
296,2024-09,7888411319.244721,8263220456.060606,Near-prime
296,2024-09,99732535288.9073,104358689674.7474,Super-prime
297,2024-10,1116568173.866685,1204375579.79798,Deep subprime
297,2024-10,121477801147.9113,127860014764.6464,Super-prime
297,2024-10,28514775493.33994,29107698465.65655,Prime
297,2024-10,3078299182.660622,3212356944.949495,Subprime
297,2024-10,8430127601.75915,8728829131.313133,Near-prime
298,2024-11,115373584320.7303,103013965697.4747,Super-prime
298,2024-11,25811778272.11676,23791880535.85859,Prime
298,2024-11,3077750049.482646,2946384863.636364,Subprime
298,2024-11,8014858350.017569,7038153046.969697,Near-prime
298,2024-11,998966124.354655,1007182294.949495,Deep subprime
299,2024-12,108841593737.4369,101705385929.798,Super-prime
299,2024-12,25395658350.1932,23347599648.98991,Prime
299,2024-12,3097209540.246757,2974250057.575757,Subprime
299,2024-12,8025555902.667125,7282583571.71717,Near-prime
299,2024-12,987062657.4647797,917385969.1919193,Deep subprime
300,2025-01,106664823649.3446,74980916394.69846,Super-prime
300,2025-01,24440214192.38828,19219374970.27912,Prime
300,2025-01,2882722306.804184,2247122443.294518,Subprime
300,2025-01,7909643463.796529,6283489320.569145,Near-prime
300,2025-01,856512020.3811636,766075790.2417841,Deep subprime
301,2025-02,22220890256.24107,18440230006.52569,Prime
301,2025-02,2856294266.766053,2392553452.546409,Subprime
301,2025-02,7691480612.056386,6604626614.9167,Near-prime
301,2025-02,886191186.6613382,787518461.4960639,Deep subprime
301,2025-02,99084536185.83064,79254158095.33008,Super-prime
302,2025-03,103372359148.8022,103554658179.2577,Super-prime
302,2025-03,23533782208.31432,24304935275.03542,Prime
302,2025-03,2478963468.030764,2592162267.47589,Subprime
302,2025-03,7454261049.643415,7812380550.896317,Near-prime
302,2025-03,777214976.3794452,822194100.3394098,Deep subprime
303,2025-04,111341438321.5363,119060960967.4016,Super-prime
303,2025-04,25380305822.99613,26055082540.45395,Prime
303,2025-04,2731446663.472258,2822330984.600389,Subprime
303,2025-04,9434218643.673357,9240886491.454956,Near-prime
303,2025-04,982644798.4582468,978344633.6822351,Deep subprime
304,2025-05,106131096408.3419,125378236281.7579,Super-prime
304,2025-05,1069891622.297536,994199273.4619563,Deep subprime
304,2025-05,23397409445.57399,26465642025.59749,Prime
304,2025-05,2787930006.917624,2934783600.025952,Subprime
304,2025-05,7978383439.72557,8557368122.54598,Near-prime
305,2025-06,1082156680.735951,1015841974.666563,Deep subprime
305,2025-06,108430886527.525,124210974741.1358,Super-prime
305,2025-06,22608480801.8798,25936165191.96419,Prime
305,2025-06,2959510298.477792,3086948328.755919,Subprime
305,2025-06,8155644164.900258,9129397492.746881,Near-prime
