month,date,vol,vol_unadj,income_level_group
123,2010-04,1878500612.383133,1865282731.31313,Moderate
123,2010-04,299542674.2644113,293609613.1313131,Low
123,2010-04,6057180243.952851,5855699048.989901,Middle
123,2010-04,6752619748.62512,6646677976.262625,High
124,2010-05,1843260953.203835,1846327790.909091,Moderate
124,2010-05,307320172.6438334,319588347.4747474,Low
124,2010-05,5983900290.843764,5860163844.444444,Middle
124,2010-05,6627507410.930575,6524892475.757578,High
125,2010-06,1891851941.448823,1854435265.656566,Moderate
125,2010-06,305806872.6470602,300414122.2222223,Low
125,2010-06,6150339598.192761,5849588823.737375,Middle
125,2010-06,6599834592.021639,6242979711.111111,High
126,2010-07,1938378946.283925,1993095261.111111,Moderate
126,2010-07,323136930.8754559,326573714.6464647,Low
126,2010-07,6373598628.457873,6542768793.434343,Middle
126,2010-07,6854742112.715707,6913755374.747476,High
127,2010-08,1929806091.858878,2007146167.171717,Moderate
127,2010-08,316535908.3820208,330868499.4949496,Low
127,2010-08,6301397951.726591,6521248730.303034,Middle
127,2010-08,7033364266.287006,7223254680.303033,High
128,2010-09,1950802485.373897,1919844890.909091,Moderate
128,2010-09,321484307.8114702,314942866.1616162,Low
128,2010-09,6266258111.924328,6044280688.888887,Middle
128,2010-09,7014323958.535789,6753075577.272728,High
129,2010-10,2049235356.915884,2154948510.10101,Moderate
129,2010-10,326957604.7099562,346422285.8585859,Low
129,2010-10,6423699788.556966,6694208094.949497,Middle
129,2010-10,7433820218.275335,7638732060.101013,High
130,2010-11,2101371832.65333,2315742903.030303,Moderate
130,2010-11,353123437.0636654,388278555.5555555,Low
130,2010-11,6738020362.981232,7560533521.717167,Middle
130,2010-11,7826861991.461815,8484769244.444445,High
131,2010-12,2143544103.172167,2211023510.606061,Moderate
131,2010-12,344203818.622798,351586474.2424242,Low
131,2010-12,6929961803.805567,7412601938.888886,Middle
131,2010-12,7970321327.887086,8415653468.686872,High
132,2011-01,2169122266.059416,1972722849.494949,Moderate
132,2011-01,347035262.7914858,308079714.6464646,Low
132,2011-01,6738364267.647947,6214578442.424242,Middle
132,2011-01,7410492358.564489,7228285975.757575,High
133,2011-02,2206981021.443695,1928042598.989898,Moderate
133,2011-02,368387124.4617826,316822460.6060606,Low
133,2011-02,6883837332.677581,6168156945.959598,Middle
133,2011-02,8127790284.133626,7397572878.28283,High
134,2011-03,2291140778.848441,2292923487.373738,Moderate
134,2011-03,374825864.8079348,385424958.0808082,Low
134,2011-03,7343406923.308319,7490448368.68687,Middle
134,2011-03,8542880673.717957,8810237168.686871,High
135,2011-04,2153845806.646863,2146007963.131313,Moderate
135,2011-04,349040069.8595386,344462254.040404,Low
135,2011-04,7030143843.14004,6831468361.111109,Middle
135,2011-04,8007735341.020264,7887847982.323226,High
136,2011-05,2406327709.162724,2416017487.373737,Moderate
136,2011-05,378177648.4652604,393481180.8080809,Low
136,2011-05,7441655964.29863,7301769016.161613,Middle
136,2011-05,8732377122.424007,8606276371.212118,High
137,2011-06,2372435234.852343,2323421585.858584,Moderate
137,2011-06,375306091.3980848,368477929.7979798,Low
137,2011-06,7631155841.234368,7262200392.929297,Middle
137,2011-06,8634471037.466778,8187945501.51515,High
138,2011-07,2228753112.414041,2299493714.141414,Moderate
138,2011-07,384005866.4748313,389907516.6666667,Low
138,2011-07,7098916684.824422,7294015368.18182,Middle
138,2011-07,8302563545.733988,8398360236.868686,High
139,2011-08,2455079224.248234,2550582312.626264,Moderate
139,2011-08,400770107.2115383,417417684.8484849,Low
139,2011-08,7872876804.235316,8136694165.656567,Middle
139,2011-08,9083696945.803164,9324829157.070705,High
140,2011-09,2485975215.654825,2448526315.151514,Moderate
140,2011-09,414891402.3770157,405851340.909091,Low
140,2011-09,8206110676.322391,7928578425.757575,Middle
140,2011-09,9962420703.282043,9600867534.343437,High
141,2011-10,2392070520.123418,2506768899.999999,Moderate
141,2011-10,406916412.0845796,429260082.3232324,Low
141,2011-10,7667172734.024804,7961524430.30303,Middle
141,2011-10,9328566467.439934,9553387503.535353,High
142,2011-11,2464204838.427068,2708304557.575756,Moderate
142,2011-11,406449118.7387422,447107530.8080809,Low
142,2011-11,7675412406.910916,8580097248.48485,Middle
142,2011-11,9209274966.097401,9954879560.606064,High
143,2011-12,2445160599.51104,2516123671.717173,Moderate
143,2011-12,408350688.9343035,418505832.3232324,Low
143,2011-12,7599218583.488079,8126061474.242425,Middle
143,2011-12,9032437069.983414,9531144875.757576,High
144,2012-01,2325973770.411654,2120043486.868687,Moderate
144,2012-01,399650651.6581661,355939257.070707,Low
144,2012-01,7290640890.892259,6743981479.797978,Middle
144,2012-01,8447822175.326156,8246448499.494946,High
145,2012-02,2470419095.478615,2151554131.313131,Moderate
145,2012-02,458536259.7601624,390353681.8181819,Low
145,2012-02,7778024070.450644,6935594729.797978,Middle
145,2012-02,8991626431.22838,8155922978.78788,High
146,2012-03,2484206667.074756,2484247892.929293,Moderate
146,2012-03,412322188.4394653,422628713.6363637,Low
146,2012-03,7600976835.497941,7731451587.878786,Middle
146,2012-03,8901639081.509527,9155745653.030302,High
147,2012-04,2396230302.879574,2396494552.525253,Moderate
147,2012-04,437112515.2531977,435778117.1717173,Low
147,2012-04,7525899977.922294,7372671890.909086,Middle
147,2012-04,8844634946.081339,8720473647.979797,High
148,2012-05,2445628682.172608,2467023571.717171,Moderate
148,2012-05,426385048.7106658,442376815.1515151,Low
148,2012-05,7688624759.648208,7573203264.646461,Middle
148,2012-05,8928952497.630781,8819309520.707067,High
149,2012-06,2521667858.045378,2477732261.111111,Moderate
149,2012-06,446227891.7077045,441244337.8787879,Low
149,2012-06,7471095467.398291,7151549560.606058,Middle
149,2012-06,8982785465.08857,8604878515.656563,High
150,2012-07,2403075525.323759,2489890103.535352,Moderate
150,2012-07,412055176.8555114,420807640.909091,Low
150,2012-07,7378039299.914869,7579343856.565658,Middle
150,2012-07,8734640263.757114,8870695811.111113,High
151,2012-08,2513066540.874559,2604317345.959596,Moderate
151,2012-08,442781938.1706077,459031096.4646465,Low
151,2012-08,7529349816.172094,7752565890.909089,Middle
151,2012-08,8679598812.528728,8892981073.232325,High
152,2012-09,2477706417.353022,2441992178.787878,Moderate
152,2012-09,414608895.821062,405494204.0404041,Low
152,2012-09,7600940609.109047,7361784082.323234,Middle
152,2012-09,8819989305.833607,8524002020.202023,High
153,2012-10,2632970700.644789,2744471986.363636,Moderate
153,2012-10,453616239.60021,475886321.2121211,Low
153,2012-10,8047124604.562989,8344459139.898994,Middle
153,2012-10,8756258430.751486,8934210933.333332,High
154,2012-11,2589881329.584515,2832475940.404042,Moderate
154,2012-11,422920135.5928531,463348670.2020203,Low
154,2012-11,7848123211.107893,8704897702.020199,Middle
154,2012-11,8833254198.421974,9486422401.51515,High
155,2012-12,2642811011.517361,2705418284.848486,Moderate
155,2012-12,440090627.4516926,451296880.808081,Low
155,2012-12,7787295416.63511,8280022687.878786,Middle
155,2012-12,8866056662.312126,9299573456.060608,High
156,2013-01,2750081755.71643,2513336548.989898,Moderate
156,2013-01,467629177.2677607,418797890.4040403,Low
156,2013-01,8264830550.086659,7683267666.666672,Middle
156,2013-01,9350136603.614876,9140747663.131315,High
157,2013-02,2704515205.273208,2349988553.030303,Moderate
157,2013-02,481685668.4388183,405065246.969697,Low
157,2013-02,8213155666.47672,7295171192.424242,Middle
157,2013-02,9373627287.462189,8483827719.696969,High
158,2013-03,2662729649.901069,2658851062.626263,Moderate
158,2013-03,481761407.2790633,491317702.020202,Low
158,2013-03,8099814385.252729,8195016543.939394,Middle
158,2013-03,9433760627.080862,9665180921.21212,High
159,2013-04,2737979006.29335,2745548371.212121,Moderate
159,2013-04,471476826.8885639,474387373.7373738,Low
159,2013-04,8272557730.974918,8160781172.222227,Middle
159,2013-04,9328672914.83606,9200579542.42424,High
160,2013-05,2651721942.785473,2694605755.050505,Moderate
160,2013-05,473315292.3878219,490748010.1010102,Low
160,2013-05,7940607909.378759,7888241208.080811,Middle
160,2013-05,9199138366.656689,9134205066.161612,High
161,2013-06,2673245960.443143,2651068214.141414,Moderate
161,2013-06,467734019.7513532,468335983.3333334,Low
161,2013-06,8099819734.205907,7837654742.424244,Middle
161,2013-06,9554720239.376932,9283448205.050507,High
162,2013-07,2863011610.345706,2984959593.939395,Moderate
162,2013-07,502513535.6995531,520264028.7878787,Low
162,2013-07,8332396487.232711,8593981131.818182,Middle
162,2013-07,9633843677.956074,9843682592.929296,High
163,2013-08,10195627713.75066,10430031123.23232,High
163,2013-08,2935590781.600379,3034886806.565658,Moderate
163,2013-08,503116047.9288092,520185990.909091,Low
163,2013-08,8682037596.747225,8900220926.767675,Middle
164,2013-09,10364397819.67943,10044887124.24242,High
164,2013-09,3091687292.912122,3038185404.040403,Moderate
164,2013-09,554530844.2321402,539535464.1414142,Low
164,2013-09,9172803860.875635,8877816243.939398,Middle
165,2013-10,10571001291.94405,10721926967.67676,High
165,2013-10,3078383858.070416,3191432521.212121,Moderate
165,2013-10,532831650.0634545,553177625.2525252,Low
165,2013-10,9127804662.430246,9446209823.232321,Middle
166,2013-11,11055453283.71534,11770050172.22222,High
166,2013-11,3131131772.530123,3391443856.060604,Moderate
166,2013-11,562545595.2166289,610829285.3535355,Low
166,2013-11,9420668270.566883,10318240333.33333,Middle
167,2013-12,10083200005.87939,10593598399.49495,Middle
167,2013-12,11537137283.58156,11973476045.95959,High
167,2013-12,3444794560.787926,3488963208.080811,Moderate
167,2013-12,580510950.2117611,591793230.8080809,Low
168,2014-01,11327393328.03294,11131887604.54546,High
168,2014-01,3203937229.404179,2957885060.10101,Moderate
168,2014-01,564418040.0060415,511733554.040404,Low
168,2014-01,9663352251.398941,9096856929.797979,Middle
169,2014-02,11474636888.67019,10346104037.37374,High
169,2014-02,3262903267.531505,2828216404.040404,Moderate
169,2014-02,542061057.0424217,451616919.6969698,Low
169,2014-02,9537460175.572371,8425405891.919188,Middle
170,2014-03,11177738725.60026,11451349980.80808,High
170,2014-03,3236397933.09995,3242187821.717171,Moderate
170,2014-03,550191155.4013753,563096958.5858587,Low
170,2014-03,9365772440.575283,9485403746.464651,Middle
171,2014-04,10033363044.18259,9910286112.121204,Middle
171,2014-04,11739319269.76555,11537076618.18182,High
171,2014-04,3445044392.267815,3449084052.020201,Moderate
171,2014-04,620384020.0182672,623592817.6767679,Low
172,2014-05,11753628111.89228,11707677235.35354,High
172,2014-05,3460794478.502076,3529275410.101011,Moderate
172,2014-05,601841453.1367753,623024922.727273,Low
172,2014-05,9984887071.011387,9959683814.141418,Middle
173,2014-06,11230189032.03406,11097948156.06061,High
173,2014-06,3305764679.072946,3313227082.828283,Moderate
173,2014-06,534544812.6131915,541876795.4545456,Low
173,2014-06,9557950590.859995,9391881468.181818,Middle
174,2014-07,10709461487.56859,11129255250,Middle
174,2014-07,11760034185.71765,12111315711.11111,High
174,2014-07,3760088214.237553,3958910253.535353,Moderate
174,2014-07,689471275.481154,727489405.0505056,Low
175,2014-08,11303435506.73633,11571315869.19191,High
175,2014-08,3302936583.737506,3411810349.999999,Moderate
175,2014-08,586408935.4164335,606090533.3333333,Low
175,2014-08,9690399410.371103,9902514535.858585,Middle
176,2014-09,11414869173.22776,11045497084.84848,High
176,2014-09,3302551764.097908,3236326658.08081,Moderate
176,2014-09,575156664.350958,557813109.5959595,Low
176,2014-09,9647434771.359907,9308296142.42424,Middle
177,2014-10,11174901754.83473,11269041237.87879,High
177,2014-10,3264673672.15945,3359358414.141413,Moderate
177,2014-10,615233728.7382632,627534762.6262628,Low
177,2014-10,9342583290.698677,9642862261.616169,Middle
178,2014-11,11245681983.98373,11910992299.49495,High
178,2014-11,3367803893.737664,3617124513.636365,Moderate
178,2014-11,641320016.6250865,690933216.6666666,Low
178,2014-11,9709369691.872534,10531542460.10101,Middle
179,2014-12,10326751393.75727,10672444191.41414,Middle
179,2014-12,11751074563.91748,12020273870.20203,High
179,2014-12,3708009882.110282,3708982433.838386,Moderate
179,2014-12,659946184.0127335,666882376.2626264,Low
180,2015-01,10085924648.80909,9619951165.656561,Middle
180,2015-01,11716001139.48561,11602694970.70708,High
180,2015-01,3521296918.076007,3278551127.272728,Moderate
180,2015-01,648352039.8107867,595551066.1616162,Low
181,2015-02,10026469465.39694,8828199918.181814,Middle
181,2015-02,11643378918.86065,10483810313.13131,High
181,2015-02,3476088262.608741,3014334698.484848,Moderate
181,2015-02,618701352.897269,512997930.8080809,Low
182,2015-03,10546654580.67847,10704586801.51515,Middle
182,2015-03,12283908767.25386,12568995938.38383,High
182,2015-03,3658458505.618339,3679487209.090908,Moderate
182,2015-03,655493634.8497832,672815459.0909091,Low
183,2015-04,11038538983.24634,10855780531.31313,Middle
183,2015-04,12877346211.78078,12605134015.65656,High
183,2015-04,3729582695.144959,3717336308.080807,Moderate
183,2015-04,675579647.8620741,675604474.747475,Low
184,2015-05,10779653067.84762,10808850858.58586,Middle
184,2015-05,12736594442.12881,12732910006.56566,High
184,2015-05,3736944358.508027,3825525610.10101,Moderate
184,2015-05,637931228.1782882,662615057.5757577,Low
185,2015-06,11370798141.9373,11304593535.85858,Middle
185,2015-06,13454231942.90471,13415933575.25253,High
185,2015-06,3968004568.050748,4011891947.474748,Moderate
185,2015-06,710880930.042879,725633830.8080809,Low
186,2015-07,10982912287.12618,11525227425.75758,Middle
186,2015-07,12948676539.98549,13440699465.65656,High
186,2015-07,3815219118.085216,4054686768.686871,Moderate
186,2015-07,662370670.6306533,713296995.4545455,Low
187,2015-08,11063470186.44733,11310847777.27272,Middle
187,2015-08,13052264475.23583,13406844968.18181,High
187,2015-08,3827143581.995697,3958225119.696971,Moderate
187,2015-08,674672080.1017572,698926032.3232323,Low
188,2015-09,11537700759.72547,11047879236.86868,Middle
188,2015-09,13504457263.27861,13002728290.40404,High
188,2015-09,3971036286.604461,3860773107.575757,Moderate
188,2015-09,716689869.1372182,688000905.5555556,Low
189,2015-10,12306589568.62296,12667875612.12121,Middle
189,2015-10,13887425936.01307,13961372597.47475,High
189,2015-10,4528690442.239241,4645625435.858585,Moderate
189,2015-10,793956330.7055342,798690403.5353538,Low
190,2015-11,11733301464.87751,12646383920.20202,Middle
190,2015-11,13447026346.3115,14219762739.39394,High
190,2015-11,4168002001.403636,4448358905.050504,Moderate
190,2015-11,710677017.6598172,758858069.1919192,Low
191,2015-12,11853774534.73411,12041623121.71717,Middle
191,2015-12,13624864914.19937,13721238319.69697,High
191,2015-12,4231370478.384544,4169986651.515152,Moderate
191,2015-12,698834415.6086675,699320871.7171719,Low
192,2016-01,11333419388.24512,10980566283.83838,Middle
192,2016-01,13555277549.39961,13603868978.78787,High
192,2016-01,4104360133.153197,3870262482.828282,Moderate
192,2016-01,684047654.684634,638816713.6363636,Low
193,2016-02,12444549956.54904,10932158830.30303,Middle
193,2016-02,14499862146.37239,13052430546.9697,High
193,2016-02,4325745858.870073,3760883831.313132,Moderate
193,2016-02,824470394.2161417,684786543.9393941,Low
194,2016-03,12213714844.3669,12526106508.58586,Middle
194,2016-03,14428173841.65833,14799172101.51516,High
194,2016-03,4264828691.6451,4330234504.545454,Moderate
194,2016-03,768215965.343011,795927894.4444445,Low
195,2016-04,12284618651.58055,11968087244.94949,Middle
195,2016-04,14416465629.99853,14020200560.10102,High
195,2016-04,4408518344.357334,4356758726.767678,Moderate
195,2016-04,746194937.2323563,739589643.939394,Low
196,2016-05,13132481053.67324,13138293382.82828,Middle
196,2016-05,15119401959.07049,15071257810.10101,High
196,2016-05,4583989832.502205,4680633976.767677,Moderate
196,2016-05,830391947.6903396,860409721.7171719,Low
197,2016-06,13080981082.17309,13060271112.62626,Middle
197,2016-06,16338271996.49938,16317043161.61616,High
197,2016-06,4581926755.670732,4636043264.141415,Moderate
197,2016-06,820541507.2590207,838078176.7676766,Low
198,2016-07,13716730936.4178,14424398905.0505,Middle
198,2016-07,15030187381.24016,15628066032.82828,High
198,2016-07,4974095227.331855,5301667442.929294,Moderate
198,2016-07,873195282.9202009,945496355.0505052,Low
199,2016-08,12750826618.29785,13106914572.72727,Middle
199,2016-08,15266138884.42437,15731122093.43434,High
199,2016-08,4519154703.729443,4698771587.878788,Moderate
199,2016-08,829433502.890702,864605503.0303031,Low
200,2016-09,12568709113.73715,11978464093.9394,Middle
200,2016-09,15705180215.07084,15079085223.73737,High
200,2016-09,4503015520.978841,4358551504.545453,Moderate
200,2016-09,826150570.8738917,792295067.1717174,Low
201,2016-10,11192007049.63583,11527438981.81818,Middle
201,2016-10,13735466306.33287,13844644612.62626,High
201,2016-10,3946179956.373179,4044643788.383839,Moderate
201,2016-10,762597088.6193379,762152819.1919192,Low
202,2016-11,11820825207.87195,12733042061.61616,Middle
202,2016-11,13235586979.8272,14021130395.9596,High
202,2016-11,4198540947.89653,4478164889.393938,Moderate
202,2016-11,712982814.3262478,754372816.6666667,Low
203,2016-12,11894582514.52371,11966944153.53536,Middle
203,2016-12,13527750588.24756,13517488174.24242,High
203,2016-12,4176819828.125285,4092720559.595958,Moderate
203,2016-12,748023492.8526529,746697808.5858586,Low
204,2017-01,12958573339.01525,12702308471.21212,Middle
204,2017-01,16980339505.54542,17311091445.45455,High
204,2017-01,4504835782.054649,4285099247.979799,Moderate
204,2017-01,794499582.8693516,751567464.6464648,Low
205,2017-02,12223891077.07272,10801193776.26263,Middle
205,2017-02,13998122622.0752,12685834744.94949,High
205,2017-02,4310819673.014397,3777087620.20202,Moderate
205,2017-02,763309966.6469221,641237869.6969697,Low
206,2017-03,12886137230.02393,13301152058.08081,Middle
206,2017-03,14594149483.2309,14932176713.13131,High
206,2017-03,4533542206.932772,4634562466.666666,Moderate
206,2017-03,795352847.3230482,825694117.1717173,Low
207,2017-04,11922435185.11467,11480999648.48485,Middle
207,2017-04,13670314483.23349,13185965118.18182,High
207,2017-04,4141939306.250152,4050377565.151515,Moderate
207,2017-04,725802611.9147977,713536162.1212124,Low
208,2017-05,12070979741.66637,12026759660.10102,Middle
208,2017-05,14110889532.38292,13963137218.68686,High
208,2017-05,4174445678.493377,4237257560.606062,Moderate
208,2017-05,739970435.0537366,764600960.10101,Low
209,2017-06,13021341942.299,12880572948.98989,Middle
209,2017-06,14684562258.8376,14488780318.68687,High
209,2017-06,4404906724.229304,4416061190.909089,Moderate
209,2017-06,747211181.4262846,755054391.9191921,Low
210,2017-07,12803445810.01726,13359091504.54545,Middle
210,2017-07,14657453145.2028,15141743698.48485,High
210,2017-07,4417876402.914252,4675004488.38384,Moderate
210,2017-07,745476324.9146405,800738941.9191921,Low
211,2017-08,12259952148.50861,12707610896.46465,Middle
211,2017-08,13902726436.68997,14383086763.13132,High
211,2017-08,4280697609.435712,4483184868.181816,Moderate
211,2017-08,732947759.8360523,771880499.4949495,Low
212,2017-09,11395886908.37243,10889066093.9394,Middle
212,2017-09,13104241663.2673,12648292821.21212,High
212,2017-09,3911251730.776046,3789960555.555555,Moderate
212,2017-09,672373857.4601648,648029456.5656565,Low
213,2017-10,11892261738.61821,12327298407.57575,Middle
213,2017-10,13263800198.85277,13486455053.03031,High
213,2017-10,4083055279.170259,4220326861.616159,Moderate
213,2017-10,676145511.1981189,678465026.7676768,Low
214,2017-11,12528989905.72968,13559541887.87878,Middle
214,2017-11,13912324694.08918,14851393907.0707,High
214,2017-11,4276813365.602673,4582264861.616162,Moderate
214,2017-11,731084576.1355795,770200548.4848486,Low
215,2017-12,11829882227.42321,11840240934.34343,Middle
215,2017-12,13158313370.64509,13134170558.0808,High
215,2017-12,4231317392.714936,4130209536.868686,Moderate
215,2017-12,710306694.069618,709817902.020202,Low
216,2018-01,12072211418.51552,11941346491.91919,Middle
216,2018-01,13950433720.21453,14375547953.53536,High
216,2018-01,4214937753.121327,4041986993.434344,Moderate
216,2018-01,730990405.3527428,697594994.4444445,Low
217,2018-02,12199695373.88793,10819678540.90909,Middle
217,2018-02,14063618201.73039,12778194022.22223,High
217,2018-02,4354913806.494514,3831771567.171717,Moderate
217,2018-02,749944317.5790349,636028481.3131313,Low
218,2018-03,12158362930.63991,12626455594.94949,Middle
218,2018-03,14137699719.18682,14437675087.37373,High
218,2018-03,4336484361.513772,4461886547.979799,Moderate
218,2018-03,749668278.6045413,776542842.929293,Low
219,2018-04,12577661850.09491,12002153894.44444,Middle
219,2018-04,14810535831.10279,14152306787.37374,High
219,2018-04,4542269610.160536,4396011206.060609,Moderate
219,2018-04,775412639.756382,757716582.8282831,Low
220,2018-05,12903729695.62024,12723089600,Middle
220,2018-05,14824037107.16354,14490532014.64647,High
220,2018-05,4685373274.521098,4706161295.959594,Moderate
220,2018-05,792829203.3980187,816609507.5757574,Low
221,2018-06,12474592125.17795,12226052356.06061,Middle
221,2018-06,14390207388.26864,14089383502.52525,High
221,2018-06,4593412491.396165,4560810080.30303,Moderate
221,2018-06,772003661.9587069,773057593.4343437,Low
222,2018-07,12572521535.00702,12966437679.79798,Middle
222,2018-07,14480512245.18835,14875333178.78788,High
222,2018-07,4625117604.185853,4850571924.747476,Moderate
222,2018-07,796058855.0813923,841659752.5252527,Low
223,2018-08,12446341225.85133,12980862738.88889,Middle
223,2018-08,14700278983.46662,15207807734.84848,High
223,2018-08,4544881938.592719,4782239540.404038,Moderate
223,2018-08,752718648.8691144,797537033.3333334,Low
224,2018-09,12131113433.22521,11663151398.48485,Middle
224,2018-09,13944552549.53353,13517717079.29293,High
224,2018-09,4345007284.020779,4235336138.888887,Moderate
224,2018-09,738694346.3595378,718605448.4848485,Low
225,2018-10,12622161562.10693,13117205752.0202,Middle
225,2018-10,14406016359.2711,14752654408.58586,High
225,2018-10,4664024713.739709,4848143988.888888,Moderate
225,2018-10,802809072.5100173,808723481.3131313,Low
226,2018-11,12272428766.2625,13438812784.84848,Middle
226,2018-11,14025028329.94162,15154178057.07071,High
226,2018-11,4500224848.461306,4864024743.434343,Moderate
226,2018-11,725806964.5422044,768988639.3939395,Low
227,2018-12,12001493907.05969,12046371516.16161,Middle
227,2018-12,13714636594.77433,13741773572.22222,High
227,2018-12,4360384350.198461,4275032311.111109,Moderate
227,2018-12,755930547.2539868,761450114.6464648,Low
228,2019-01,12910027291.13213,12777619447.9798,Middle
228,2019-01,15030726791.28693,15537434428.78788,High
228,2019-01,4693787884.893031,4502670743.939393,Moderate
228,2019-01,793917663.5647751,754615755.5555558,Low
229,2019-02,12975703811.64932,11525145481.81819,Middle
229,2019-02,15131318076.79843,13740514940.40404,High
229,2019-02,4771787104.733166,4195177616.666669,Moderate
229,2019-02,765999422.793474,653547546.9696971,Low
230,2019-03,13446693054.31795,13957357728.78788,Middle
230,2019-03,15196180202.54226,15464031386.86869,High
230,2019-03,4843357234.122664,4986879997.979797,Moderate
230,2019-03,801041767.5789233,821835837.8787878,Low
231,2019-04,13458177659.52302,12815096536.36364,Middle
231,2019-04,15235702550.13214,14503224237.87879,High
231,2019-04,4879777786.739645,4702028073.737374,Moderate
231,2019-04,823229626.9627903,804843688.888889,Low
232,2019-05,13293496399.63006,13034233214.14141,Middle
232,2019-05,14989819395.97882,14547190654.54546,High
232,2019-05,4776231815.648231,4776933800.505051,Moderate
232,2019-05,761849131.1185012,788042087.3737373,Low
233,2019-06,12790390613.61451,12439800298.48485,Middle
233,2019-06,14132381199.1875,13754295854.0404,High
233,2019-06,4653509792.634835,4591734955.050505,Moderate
233,2019-06,771795339.2943674,767540335.3535354,Low
234,2019-07,12537673276.64029,12825679509.09092,Middle
234,2019-07,13959298359.41897,14323588486.86869,High
234,2019-07,4530800075.029108,4719267676.262626,Moderate
234,2019-07,750820879.801205,782833038.3838385,Low
235,2019-08,14190965652.05884,14839578778.78788,Middle
235,2019-08,17254501362.51325,17808424946.46465,High
235,2019-08,5101786673.052505,5374129506.565657,Moderate
235,2019-08,897268117.4379216,950908186.3636361,Low
236,2019-09,13833842088.83378,13387750661.11111,Middle
236,2019-09,15753599592.161,15339010594.9495,High
236,2019-09,4973806710.795543,4874851710.606061,Moderate
236,2019-09,824118346.3206607,807628042.929293,Low
237,2019-10,13149858730.167,13646053833.33334,Middle
237,2019-10,14797648309.39714,15207491501.01011,High
237,2019-10,4743251232.913978,4945665360.606059,Moderate
237,2019-10,780394901.0842931,791694072.2222221,Low
238,2019-11,12485767931.94714,13798708501.51515,Middle
238,2019-11,13854738475.25997,15117910659.09091,High
238,2019-11,4577307569.449162,4983991196.464648,Moderate
238,2019-11,720568229.877805,769672976.7676769,Low
239,2019-12,13326007266.62288,13372141931.31314,Middle
239,2019-12,15047002480.5496,15016496488.88889,High
239,2019-12,4757189436.7982,4656652379.797978,Moderate
239,2019-12,771806413.4758123,777170975.2525253,Low
240,2020-01,13391031171.05532,13180561452.0202,Middle
240,2020-01,14839783425.37403,15253192555.55556,High
240,2020-01,4829923645.495414,4618771869.696971,Moderate
240,2020-01,841628437.0453995,791160813.6363636,Low
241,2020-02,13779474308.8576,12221948916.66667,Middle
241,2020-02,15107139268.8073,13670523346.96969,High
241,2020-02,4987519801.44553,4365822156.060608,Moderate
241,2020-02,817610911.2165316,699498120.2020203,Low
242,2020-03,3445431240.076744,3548709323.232325,Moderate
242,2020-03,541348824.9132087,550428240.4040403,Low
242,2020-03,9085564605.657463,9435385796.969698,Middle
242,2020-03,9617867939.651133,9798352846.464642,High
243,2020-04,2062655249.135926,1991850429.29293,Moderate
243,2020-04,310618565.2091053,305642427.2727273,Low
243,2020-04,5464220576.594781,5230427892.424241,Middle
243,2020-04,5522313735.114369,5273517355.555555,High
244,2020-05,2172430034.776921,2177657652.525252,Moderate
244,2020-05,315995588.9403507,329420726.2626263,Low
244,2020-05,5802413004.390584,5693343894.444446,Middle
244,2020-05,5913024729.574321,5751728802.020201,High
245,2020-06,2496359354.591605,2475504233.333333,Moderate
245,2020-06,412641818.9626157,412591665.6565657,Low
245,2020-06,6492979669.145477,6335216461.111113,Middle
245,2020-06,6582650236.097107,6449130013.131314,High
246,2020-07,2626503171.156888,2733707830.808082,Moderate
246,2020-07,422613211.4391859,436125066.6666666,Low
246,2020-07,6730337756.38022,6881675567.171722,Middle
246,2020-07,6945544165.812684,7170114095.454548,High
247,2020-08,2878457469.220392,3023849922.222222,Moderate
247,2020-08,485245097.2633418,513269320.7070706,Low
247,2020-08,7466286316.611562,7791243028.787877,Middle
247,2020-08,7704800841.813593,7898260446.464645,High
248,2020-09,3199557077.463443,3141128883.333333,Moderate
248,2020-09,525255431.4376053,517580482.8282828,Low
248,2020-09,8225451348.90072,7970334965.656564,Middle
248,2020-09,8446804214.990171,8216577604.040401,High
249,2020-10,3413093704.951199,3531640672.222221,Moderate
249,2020-10,625346835.2712274,634638409.090909,Low
249,2020-10,8870528132.668705,9118139575.252527,Middle
249,2020-10,9273092683.349083,9452551514.141409,High
250,2020-11,3559301961.267519,3878401906.565656,Moderate
250,2020-11,601483051.2789979,644241501.5151515,Low
250,2020-11,9025721321.642939,9995063937.373732,Middle
250,2020-11,9318489582.931757,10183082537.87879,High
251,2020-12,3510691312.99798,3435197538.383836,Moderate
251,2020-12,580456259.4802339,579080966.1616161,Low
251,2020-12,9148170445.695688,9150943577.272726,Middle
251,2020-12,9564207908.422768,9461496265.15151,High
252,2021-01,3586455858.781452,3407099789.393941,Moderate
252,2021-01,587325014.5562302,544644913.6363639,Low
252,2021-01,9099491548.624451,8878891374.747477,Middle
252,2021-01,9121677941.824715,9293239429.797983,High
253,2021-02,3825599279.027741,3348649986.363636,Moderate
253,2021-02,623314840.1944108,539294565.1515151,Low
253,2021-02,9818157044.226887,8759866403.030304,Middle
253,2021-02,9987634070.468327,9077131766.161617,High
254,2021-03,10857871732.2833,11257325394.9495,Middle
254,2021-03,11304352740.85883,11557511809.59596,High
254,2021-03,4216143531.708843,4330627143.939395,Moderate
254,2021-03,661755751.2172769,668557302.0202022,Low
255,2021-04,11613628904.36897,11207529136.36363,Middle
255,2021-04,12042435959.13401,11594568945.45455,High
255,2021-04,4463117367.112868,4341211455.555555,Moderate
255,2021-04,725996073.2882779,718447896.9696971,Low
256,2021-05,12460454368.0592,12335053555.0505,Middle
256,2021-05,13041057071.7662,12833174016.16162,High
256,2021-05,4854905050.906102,4911405239.393938,Moderate
256,2021-05,822887227.2322373,865848932.3232323,Low
257,2021-06,14032394648.53338,13807839051.51516,Middle
257,2021-06,14949476244.41925,14768693666.16162,High
257,2021-06,5356498142.613765,5368162591.414142,Moderate
257,2021-06,887949899.2520411,895272386.3636365,Low
258,2021-07,13501352508.7979,13897822332.32323,Middle
258,2021-07,14566798250.95283,15164343565.15153,High
258,2021-07,5185418078.816618,5420461712.626264,Moderate
258,2021-07,865508573.0254849,896033364.6464649,Low
259,2021-08,13211412615.62324,13720169760.10101,Middle
259,2021-08,14028023016.67389,14316071309.59597,High
259,2021-08,5050937860.187045,5283412611.111112,Moderate
259,2021-08,806570688.5613117,850088769.1919191,Low
260,2021-09,13410469989.14161,12967972841.9192,Middle
260,2021-09,14067524994.36815,13619850814.14141,High
260,2021-09,5198488165.807001,5094737443.939395,Moderate
260,2021-09,819441981.5770482,809343175.2525253,Low
261,2021-10,13548639113.44172,13762608334.34344,Middle
261,2021-10,14653473762.15906,14734745361.61616,High
261,2021-10,5295370220.335877,5415425948.989898,Moderate
261,2021-10,839801978.6710638,849056010.1010101,Low
262,2021-11,14600105085.96415,16063565886.86869,Middle
262,2021-11,15421074017.59626,16756442217.67678,High
262,2021-11,5483598865.491838,5941998127.777777,Moderate
262,2021-11,892165759.1804175,952075607.070707,Low
263,2021-12,14603884760.50773,14442512072.22222,Middle
263,2021-12,15106780952.4194,14722945984.34344,High
263,2021-12,5695067762.353292,5534240607.070709,Moderate
263,2021-12,922457068.6125295,901270172.7272726,Low
264,2022-01,13134983607.00617,12704043975.25253,Middle
264,2022-01,13936764581.08656,14009850332.32323,High
264,2022-01,5071462082.072503,4780848085.858583,Moderate
264,2022-01,876448546.9424592,805140751.0101011,Low
265,2022-02,14865935289.20876,13316804328.28283,Middle
265,2022-02,15340164074.35988,13982925670.70708,High
265,2022-02,5662212346.408047,4952254670.707073,Moderate
265,2022-02,927043347.9745094,806934655.0505052,Low
266,2022-03,1009525489.949651,1018109507.575758,Low
266,2022-03,15954773540.29851,16564357613.63636,Middle
266,2022-03,17378006345.67078,17895615832.32323,High
266,2022-03,6120865087.490164,6277450071.717174,Moderate
267,2022-04,15821747855.98131,15462153516.16162,Middle
267,2022-04,16608076515.27057,16231419971.71718,High
267,2022-04,6025554019.244638,5932612885.858587,Moderate
267,2022-04,985152524.8573835,984879692.4242424,Low
268,2022-05,1005944792.088741,1070395901.515152,Low
268,2022-05,15866427493.70163,15906565344.44444,Middle
268,2022-05,16988566085.06813,16997088282.32323,High
268,2022-05,6081806275.34269,6228884100.505054,Moderate
269,2022-06,16299179577.9414,16316070859.59596,Middle
269,2022-06,17543871306.31038,17635112792.42425,High
269,2022-06,6206636004.423254,6335841687.878787,Moderate
269,2022-06,994316160.1346755,1018871614.141414,Low
270,2022-07,16696407082.26883,17423171375.75758,Middle
270,2022-07,17787571353.23943,18778038038.88889,High
270,2022-07,6257201916.041214,6612064407.575762,Moderate
270,2022-07,982767122.8376204,1030641535.353535,Low
271,2022-08,16316358273.82766,16823035580.80808,Middle
271,2022-08,17323496418.3388,17580911505.55555,High
271,2022-08,6218646862.843448,6465569890.90909,Moderate
271,2022-08,971755895.5821869,1018303461.616162,Low
272,2022-09,16294075356.5579,15597464644.9495,Middle
272,2022-09,17565083285.9109,16759873760.60606,High
272,2022-09,6085640927.318351,5913305834.848485,Moderate
272,2022-09,966921190.2479478,947244224.7474744,Low
273,2022-10,16138841337.0832,16098862167.67677,Middle
273,2022-10,17288871362.67408,17013233526.76768,High
273,2022-10,5914797932.687529,5936609098.484848,Moderate
273,2022-10,963984378.0915523,964734215.6565655,Low
274,2022-11,16286327974.30322,17753783567.17171,Middle
274,2022-11,17676698259.99412,19018047207.07071,High
274,2022-11,5983530048.642057,6418564102.525252,Moderate
274,2022-11,943761595.6037596,997622233.3333334,Low
275,2022-12,16142140571.21847,15765546288.88888,Middle
275,2022-12,16999943574.59269,16301663694.94949,High
275,2022-12,5850262198.889611,5660229396.969698,Moderate
275,2022-12,903997974.8110675,866272438.3838383,Low
276,2023-01,16979343077.30523,16341860292.9293,Middle
276,2023-01,18509863226.74895,18474036723.23233,High
276,2023-01,6218481619.148809,5827817972.727273,Moderate
276,2023-01,964395271.1102619,882050201.5151514,Low
277,2023-02,1011587516.571353,885726454.5454547,Low
277,2023-02,17216843061.83274,15518017707.07071,Middle
277,2023-02,19023228403.28681,17446584523.23233,High
277,2023-02,6297096281.753992,5517421420.707071,Moderate
278,2023-03,16953403304.79428,17640064490.40405,Middle
278,2023-03,18574910118.03422,19287976082.32323,High
278,2023-03,6123433550.927598,6275679467.171716,Moderate
278,2023-03,967808870.2405872,979888073.7373736,Low
279,2023-04,17028345285.96821,16873505785.35353,Middle
279,2023-04,18830523113.71148,18728132779.79799,High
279,2023-04,6248293167.985262,6238025214.141417,Moderate
279,2023-04,967099367.8842629,979152083.3333334,Low
280,2023-05,17435772504.66984,17683156491.41414,Middle
280,2023-05,19211784347.34893,19496772508.58585,High
280,2023-05,6310424984.124589,6534124971.212123,Moderate
280,2023-05,987028104.2276843,1057122412.121212,Low
281,2023-06,16539072959.516,16763526816.16162,Middle
281,2023-06,17833516493.74508,18134427223.73738,High
281,2023-06,6100238601.640003,6313676192.929291,Moderate
281,2023-06,927149160.0244119,961224029.79798,Low
282,2023-07,16782830035.44304,17721322723.23233,Middle
282,2023-07,18126100260.96994,19326664877.77777,High
282,2023-07,6142829894.604605,6556093680.30303,Moderate
282,2023-07,939552091.2841885,999285329.2929294,Low
283,2023-08,16342227566.94794,16754477148.9899,Middle
283,2023-08,17868279201.19533,18086630645.95959,High
283,2023-08,5998418286.834362,6212746638.888889,Moderate
283,2023-08,977657872.0952743,1017199758.080808,Low
284,2023-09,16054572760.47894,15214131667.17172,Middle
284,2023-09,17513438748.22534,16477741236.36363,High
284,2023-09,5953299838.943231,5724078325.757574,Moderate
284,2023-09,942466811.6136751,914346555.0505049,Low
285,2023-10,16046229663.78049,15796650578.78788,Middle
285,2023-10,16946650251.13849,16395727582.32323,High
285,2023-10,5942921784.469158,5878890307.070708,Moderate
285,2023-10,923888523.1907767,920606803.5353539,Low
286,2023-11,15938778826.50816,17185516684.34343,Middle
286,2023-11,17500356525.29251,18599655052.02021,High
286,2023-11,5916619848.161989,6282667689.89899,Moderate
286,2023-11,921273708.4798092,960498151.0101011,Low
287,2023-12,15529616722.54495,14992590541.41414,Middle
287,2023-12,17310371564.84362,16356800808.58586,High
287,2023-12,5806981929.388584,5586557224.242427,Moderate
287,2023-12,879100382.197382,828494494.949495,Low
288,2024-01,16101627542.83411,15481457247.47475,Middle
288,2024-01,17786976469.20325,17717559268.68687,High
288,2024-01,5877178726.801157,5495430445.454544,Moderate
288,2024-01,937266413.4351684,859277413.1313131,Low
289,2024-02,16890829739.21316,15297997359.0909,Middle
289,2024-02,18768494562.65814,17330749805.55555,High
289,2024-02,6138867104.500613,5395280836.363634,Moderate
289,2024-02,951704828.7406372,835240169.191919,Low
290,2024-03,15942981683.99794,16633341556.0606,Middle
290,2024-03,17738925777.53193,18530117362.12122,High
290,2024-03,5792427941.399624,5934336724.242425,Moderate
290,2024-03,886496891.6406281,901799326.2626264,Low
291,2024-04,15836224802.14733,15897919721.71718,Middle
291,2024-04,17343748057.06511,17539849284.34343,High
291,2024-04,5766037846.864129,5834460788.888891,Moderate
291,2024-04,882083054.7234539,905520378.7878789,Low
292,2024-05,16088638984.9478,16427245684.84849,Middle
292,2024-05,17589799636.49509,17997696584.34343,High
292,2024-05,5794800485.304521,6036645802.525254,Moderate
292,2024-05,842229133.7126398,905549957.5757576,Low
293,2024-06,15908202341.46688,16210330706.56565,Middle
293,2024-06,17296954782.74581,17685605742.92928,High
293,2024-06,5725705963.037621,5962600921.717174,Moderate
293,2024-06,889897250.0161941,927019854.0404041,Low
294,2024-07,15690892010.37898,16684576173.23232,Middle
294,2024-07,17129708641.65404,18360985681.31313,High
294,2024-07,5682952501.01805,6101297163.131315,Moderate
294,2024-07,902314145.1865145,965018911.1111114,Low
295,2024-08,15771339164.7646,16135031716.16161,Middle
295,2024-08,17499571280.79826,17672831143.43434,High
295,2024-08,5676894163.122911,5876313887.878788,Moderate
295,2024-08,850476259.682438,882334470.7070706,Low
296,2024-09,15698192185.94943,14775524341.41413,Middle
296,2024-09,17133446477.88169,15993675015.15152,High
296,2024-09,5615569504.098789,5362234692.929294,Moderate
296,2024-09,866740116.562611,836285895.9595959,Low
297,2024-10,15657751377.11879,15273409883.83839,Middle
297,2024-10,17511146475.95032,16730676895.95959,High
297,2024-10,5655362676.759593,5537312141.414142,Moderate
297,2024-10,886959659.9915218,881139256.0606062,Low
298,2024-11,15382560916.32935,16448576224.4526,Middle
298,2024-11,16864383874.84945,17762604370.80268,High
298,2024-11,5683841791.464287,5989814112.496031,Moderate
298,2024-11,853588092.7977806,879818552.6284564,Low
299,2024-12,16427445872.66752,15785807598.56951,Middle
299,2024-12,18498605950.21021,17369213454.34319,High
299,2024-12,6054298673.962939,5813746304.005619,Moderate
299,2024-12,928101258.1199621,867500024.9394225,Low
300,2025-01,16017987326.02683,15453148556.57923,Middle
300,2025-01,17775077919.66511,17782393828.70671,High
300,2025-01,5825086365.938418,5459010620.992061,Moderate
300,2025-01,919308375.86623,847230146.3258913,Low
301,2025-02,15846228995.07439,14455754648.24363,Middle
301,2025-02,17618820779.31869,16422031482.6411,High
301,2025-02,5762150122.197033,5096649276.699092,Moderate
301,2025-02,852763479.8811634,753234099.27675,Low
302,2025-03,16480220450.50488,17211810582.18352,Middle
302,2025-03,18268242357.85793,19121993102.53991,High
302,2025-03,5979145368.460161,6125175701.958731,Moderate
302,2025-03,927652504.5075133,946469670.1474211,Low
303,2025-04,17432353240.99325,17605635836.091,Middle
303,2025-04,19592673272.47839,19974471397.7428,High
303,2025-04,6257967333.100628,6374668220.745112,Moderate
303,2025-04,976810082.862174,1009519661.962355,Low
