month,date,vol,vol_unadj,age_group
72,2006-01,10871934354.73058,9792281014.141413,Age 30-44
72,2006-01,13894760684.07625,12516921473.73738,Age 45-64
72,2006-01,4166881411.679812,3623437465.151514,Younger than 30
72,2006-01,4242127699.527945,3803531982.828283,Age 65 and older
73,2006-02,11923782881.61299,10494998976.26262,Age 30-44
73,2006-02,16993079566.80358,15547885942.42424,Age 45-64
73,2006-02,4198498534.013228,3428976265.656567,Younger than 30
73,2006-02,6755296472.968825,6471000241.414142,Age 65 and older
74,2006-03,10864422273.77277,10572767099.49495,Age 30-44
74,2006-03,14305628458.75091,14056385853.53536,Age 45-64
74,2006-03,4134581702.894337,3913009919.696968,Younger than 30
74,2006-03,4409358378.063953,4332679754.040403,Age 65 and older
75,2006-04,10502501669.98559,10157787447.9798,Age 30-44
75,2006-04,13802555093.28088,13512627573.73738,Age 45-64
75,2006-04,3956648370.780597,3814690249.494951,Younger than 30
75,2006-04,4144864207.870366,4073250136.868688,Age 65 and older
76,2006-05,10868138308.13192,10813594752.0202,Age 30-44
76,2006-05,14272402962.26065,14190022459.59596,Age 45-64
76,2006-05,4037371045.278667,4080678595.959597,Younger than 30
76,2006-05,4490380746.04357,4526741116.161614,Age 65 and older
77,2006-06,10614544269.85781,10560868392.42424,Age 30-44
77,2006-06,14219366497.9465,14238662731.81818,Age 45-64
77,2006-06,3958437002.848997,4123870514.141415,Younger than 30
77,2006-06,4446769089.11095,4505809996.969696,Age 65 and older
78,2006-07,10847910361.23516,11548158305.55556,Age 30-44
78,2006-07,14339665601.60816,15022730954.54545,Age 45-64
78,2006-07,4045051910.807347,4382006814.646461,Younger than 30
78,2006-07,4246437739.309635,4386133999.494949,Age 65 and older
79,2006-08,11439999513.65263,12375497842.92929,Age 30-44
79,2006-08,15824259003.78748,16999589815.65657,Age 45-64
79,2006-08,4229302980.809962,4853938375.252525,Younger than 30
79,2006-08,5423080354.428813,5664693761.616161,Age 65 and older
80,2006-09,12063455563.33078,12270542528.28283,Age 30-44
80,2006-09,18073901459.63769,17924111685.85859,Age 45-64
80,2006-09,4444548860.866723,4612498859.09091,Younger than 30
80,2006-09,6720833298.300331,6770362376.262625,Age 65 and older
81,2006-10,11022977934.2954,11634035966.66667,Age 30-44
81,2006-10,15171220653.95166,16100014914.14142,Age 45-64
81,2006-10,4304081341.730697,4490795961.111112,Younger than 30
81,2006-10,4794831981.27489,5278984510.606062,Age 65 and older
82,2006-11,11442392213.76235,12143166934.34344,Age 30-44
82,2006-11,15339688661.41475,16150834377.27273,Age 45-64
82,2006-11,4366996206.741133,4632145272.727274,Younger than 30
82,2006-11,4738995226.603443,4780479490.404042,Age 65 and older
83,2006-12,11848704440.43386,11951775891.9192,Age 30-44
83,2006-12,15679438787.0801,15662623626.26263,Age 45-64
83,2006-12,4473241443.924898,4307650075.757575,Age 65 and older
83,2006-12,4501798956.551225,4400272698.989898,Younger than 30
84,2007-01,11988216803.16895,10799104398.98989,Age 30-44
84,2007-01,16050020033.81852,14460016576.26263,Age 45-64
84,2007-01,4478894245.184655,3903844435.353536,Younger than 30
84,2007-01,5039501040.966764,4530666026.262629,Age 65 and older
85,2007-02,12137680163.50785,10650890421.21212,Age 30-44
85,2007-02,17153122842.63319,15641432855.55556,Age 45-64
85,2007-02,4491005994.946843,3647687455.555555,Younger than 30
85,2007-02,6147960196.373864,5837011882.828282,Age 65 and older
86,2007-03,11889645661.84702,11580749518.18182,Age 30-44
86,2007-03,16380161137.45582,16174626371.71717,Age 45-64
86,2007-03,4478456923.472407,4243906280.30303,Younger than 30
86,2007-03,5362256098.245249,5306249914.141415,Age 65 and older
87,2007-04,11823755832.21403,11475531191.91919,Age 30-44
87,2007-04,16213501087.85482,15903680921.71717,Age 45-64
87,2007-04,4448493356.609152,4308360546.969698,Younger than 30
87,2007-04,5250410683.581468,5174025722.222221,Age 65 and older
88,2007-05,11227810027.60044,11205537678.28283,Age 30-44
88,2007-05,15066721222.64715,15029815440.40404,Age 45-64
88,2007-05,4389917734.928307,4432627062.121214,Younger than 30
88,2007-05,4654909718.068913,4704418880.303031,Age 65 and older
89,2007-06,11067101872.84529,11000111941.41414,Age 30-44
89,2007-06,14738685066.88276,14711638402.52525,Age 45-64
89,2007-06,4326762010.919757,4502211973.737374,Younger than 30
89,2007-06,4602928972.614902,4661790526.262626,Age 65 and older
90,2007-07,11014985411.49642,11711492420.20202,Age 30-44
90,2007-07,15066340762.00459,15759500273.73737,Age 45-64
90,2007-07,4272321643.941123,4627781975.252524,Younger than 30
90,2007-07,4622724025.458098,4775770890.909095,Age 65 and older
91,2007-08,10860718290.27777,11719827911.61616,Age 30-44
91,2007-08,14920193867.44406,15949876810.10101,Age 45-64
91,2007-08,4283575569.577708,4911969366.161615,Younger than 30
91,2007-08,4557721373.621898,4741488972.222221,Age 65 and older
92,2007-09,10867271123.52961,10989730156.56566,Age 30-44
92,2007-09,14850651336.15977,14652879674.74747,Age 45-64
92,2007-09,4161147399.965446,4299494829.79798,Younger than 30
92,2007-09,4706979916.844937,4718384808.585856,Age 65 and older
93,2007-10,11254944997.95759,11844301220.20202,Age 30-44
93,2007-10,15642941521.86416,16568693801.51515,Age 45-64
93,2007-10,4162721518.219224,4339048579.292931,Younger than 30
93,2007-10,5108480064.168369,5613193495.959596,Age 65 and older
94,2007-11,10858063406.80949,11595262915.15151,Age 30-44
94,2007-11,14797213798.65452,15679280873.23232,Age 45-64
94,2007-11,4144084166.741254,4418936962.121211,Younger than 30
94,2007-11,4750321781.457363,4818077729.292929,Age 65 and older
95,2007-12,10892163042.38596,11032155473.73737,Age 30-44
95,2007-12,15168297647.51476,15256726967.17171,Age 45-64
95,2007-12,4066343196.882452,3989489539.393939,Younger than 30
95,2007-12,4817048462.717507,4643543608.08081,Age 65 and older
96,2008-01,10603267729.28141,9560343467.171719,Age 30-44
96,2008-01,14963012707.60164,13460690745.95959,Age 45-64
96,2008-01,3998282016.412886,3488430062.626264,Younger than 30
96,2008-01,4686462915.521683,4214917455.050506,Age 65 and older
97,2008-02,10423726699.08414,9103448335.353542,Age 30-44
97,2008-02,14073027286.75123,12761089652.0202,Age 45-64
97,2008-02,3986166742.858258,3213082892.424243,Younger than 30
97,2008-02,4430563375.789031,4145282657.070706,Age 65 and older
98,2008-03,13767043679.41742,13735848975.75758,Age 45-64
98,2008-03,3651900112.497788,3469370971.212121,Younger than 30
98,2008-03,4449610144.123275,4473004970.707071,Age 65 and older
98,2008-03,9812644098.231462,9585460281.818186,Age 30-44
99,2008-04,14039415418.54803,13788684663.13131,Age 45-64
99,2008-04,3557051135.089726,3463372141.919192,Younger than 30
99,2008-04,4635128084.805733,4606548511.111114,Age 65 and older
99,2008-04,9531533306.004276,9289239890.909094,Age 30-44
100,2008-05,13442355294.95335,13449640156.06061,Age 45-64
100,2008-05,3434316465.335353,3461229953.535354,Younger than 30
100,2008-05,4678534496.884862,4730522183.838387,Age 65 and older
100,2008-05,9279954838.674904,9297389423.737373,Age 30-44
101,2008-06,10027766469.61206,9933110890.909092,Age 30-44
101,2008-06,14469672633.07356,14354315107.07071,Age 45-64
101,2008-06,3420057372.464403,3550754798.484848,Younger than 30
101,2008-06,4830741242.307782,4877979983.333337,Age 65 and older
102,2008-07,18192478822.35482,18986335151.0101,Age 45-64
102,2008-07,3358032809.643664,3633142029.292929,Younger than 30
102,2008-07,7656604405.001587,7911875729.797976,Age 65 and older
102,2008-07,9949886184.858877,10556400648.48485,Age 30-44
103,2008-08,12882885678.81228,13620558385.35354,Age 45-64
103,2008-08,2908521712.601565,3326802694.444445,Younger than 30
103,2008-08,4438559121.999459,4558026195.454547,Age 65 and older
103,2008-08,8363433861.61953,8969809500,Age 30-44
104,2008-09,12515853060.12189,12250304610.60606,Age 45-64
104,2008-09,2982341699.547318,3058104394.444445,Younger than 30
104,2008-09,4368047148.564028,4341669958.080807,Age 65 and older
104,2008-09,8401871164.015252,8412672771.21212,Age 30-44
105,2008-10,10929869149.45574,11535666144.44444,Age 45-64
105,2008-10,2597597013.35233,2707308189.393941,Younger than 30
105,2008-10,3765032803.664072,4129266099.999998,Age 65 and older
105,2008-10,7308175777.515041,7670112687.878789,Age 30-44
106,2008-11,10162554515.86391,10888065517.17171,Age 45-64
106,2008-11,2267468011.631186,2441632366.161617,Younger than 30
106,2008-11,3757136471.650997,3860131494.949493,Age 65 and older
106,2008-11,6208228547.609462,6703126807.070707,Age 30-44
107,2008-12,2020715857.411633,1992714296.464647,Younger than 30
107,2008-12,3337490115.883609,3226361541.919193,Age 65 and older
107,2008-12,5578711459.570625,5681734530.80808,Age 30-44
107,2008-12,8970962434.782848,9156786610.101013,Age 45-64
108,2009-01,1908853722.116529,1668212568.181818,Younger than 30
108,2009-01,3117005102.058675,2815777619.19192,Age 65 and older
108,2009-01,5128210314.473722,4637492313.636366,Age 30-44
108,2009-01,8187527386.202931,7374850205.050508,Age 45-64
109,2009-02,1711410630.286175,1373590502.525253,Younger than 30
109,2009-02,2947369728.384697,2718194646.969696,Age 65 and older
109,2009-02,4676291356.114822,4076291853.030304,Age 30-44
109,2009-02,7775064141.458246,7009130643.434347,Age 45-64
110,2009-03,1694407870.681137,1612013348.989899,Younger than 30
110,2009-03,2858511912.103961,2922707189.393939,Age 65 and older
110,2009-03,4589538811.979916,4501439983.333331,Age 30-44
110,2009-03,7508247022.801723,7577906792.424244,Age 45-64
111,2009-04,1631999245.153656,1592281955.050504,Younger than 30
111,2009-04,2873715770.538266,2871523757.575757,Age 65 and older
111,2009-04,4487353519.141499,4378496241.41414,Age 30-44
111,2009-04,7426630750.505867,7277563442.929294,Age 45-64
112,2009-05,1557221889.548487,1565946166.666666,Younger than 30
112,2009-05,2861591550.786166,2892868796.969699,Age 65 and older
112,2009-05,4272818856.256453,4294096327.777775,Age 30-44
112,2009-05,7315070270.439809,7331776205.555558,Age 45-64
113,2009-06,1464568993.700347,1513693305.555555,Younger than 30
113,2009-06,2716370096.528873,2727897825.252526,Age 65 and older
113,2009-06,4142391586.840919,4084113837.87879,Age 30-44
113,2009-06,6913645120.626116,6811222515.656567,Age 45-64
114,2009-07,1412560996.766035,1527118845.959596,Younger than 30
114,2009-07,2473503389.083599,2550880267.676767,Age 65 and older
114,2009-07,3846183741.959387,4070949493.939394,Age 30-44
114,2009-07,6474975431.370975,6724613819.191921,Age 45-64
115,2009-08,1388950054.866249,1584282376.262626,Younger than 30
115,2009-08,2388027667.755549,2427358685.858584,Age 65 and older
115,2009-08,3762537504.778944,4006342812.626262,Age 30-44
115,2009-08,6273812523.85594,6552517654.040406,Age 45-64
116,2009-09,1358404713.108802,1380639675.252525,Younger than 30
116,2009-09,2413371126.458801,2379652834.343435,Age 65 and older
116,2009-09,3656142093.401037,3625198431.313132,Age 30-44
116,2009-09,6286812991.881451,6110001512.121216,Age 45-64
117,2009-10,1358082373.799907,1418102302.525254,Younger than 30
117,2009-10,2569296281.048914,2793882548.484848,Age 65 and older
117,2009-10,3669418367.942715,3831946886.868687,Age 30-44
117,2009-10,6455536435.497923,6764266179.797981,Age 45-64
118,2009-11,1374208555.204377,1494240991.414141,Younger than 30
118,2009-11,2510890058.54384,2615333871.717171,Age 65 and older
118,2009-11,3859853778.683386,4208729667.676768,Age 30-44
118,2009-11,6407147658.255672,6950830388.888884,Age 45-64
119,2009-12,1530392025.765516,1518074927.777777,Younger than 30
119,2009-12,2456464089.532796,2384811416.161617,Age 65 and older
119,2009-12,3818750113.199391,3907969618.686868,Age 30-44
119,2009-12,6353264432.157471,6597293308.585856,Age 45-64
120,2010-01,1449872034.191281,1269910912.121211,Younger than 30
120,2010-01,2684378565.230258,2434050076.262626,Age 65 and older
120,2010-01,3895153276.541564,3548057614.646466,Age 30-44
120,2010-01,6773913400.678866,6113694738.383841,Age 45-64
121,2010-02,1348916302.549298,1079792186.868687,Younger than 30
121,2010-02,2452320306.925062,2253487858.585859,Age 65 and older
121,2010-02,3624999423.165792,3158176168.181818,Age 30-44
121,2010-02,6095370353.054343,5481905637.373734,Age 45-64
122,2010-03,1313682958.848539,1255300520.70707,Younger than 30
122,2010-03,2640983549.889669,2742504946.969696,Age 65 and older
122,2010-03,3858238024.061686,3816895311.616161,Age 30-44
122,2010-03,6668653363.749802,6816644486.363636,Age 45-64
123,2010-04,1493644635.19008,1454967053.535353,Younger than 30
123,2010-04,2519474597.06035,2542240076.767678,Age 65 and older
123,2010-04,4356704570.404951,4261518217.171721,Age 30-44
123,2010-04,6590470602.314944,6448244762.626261,Age 45-64
124,2010-05,1446874343.081889,1455368680.808081,Younger than 30
124,2010-05,2561641590.802236,2586928856.565656,Age 65 and older
124,2010-05,3986455279.19297,4013857608.585859,Age 30-44
124,2010-05,6536907373.154052,6558600405.050503,Age 45-64
125,2010-06,1526765647.821905,1565776469.19192,Younger than 30
125,2010-06,2594244694.610876,2581020706.060605,Age 65 and older
125,2010-06,3958566776.700516,3875461655.050504,Age 30-44
125,2010-06,6441356649.53328,6287817939.39394,Age 45-64
126,2010-07,1573119359.63541,1698336039.898991,Younger than 30
126,2010-07,2763177019.139911,2817279926.767676,Age 65 and older
126,2010-07,4115764764.090299,4332850106.060605,Age 30-44
126,2010-07,6813815890.849259,7012265922.727273,Age 45-64
127,2010-08,1602504667.733528,1822367295.959596,Younger than 30
127,2010-08,2776441593.305551,2788927311.11111,Age 65 and older
127,2010-08,4199598656.542667,4439579307.070706,Age 30-44
127,2010-08,6917995959.3696,7131053477.777776,Age 45-64
128,2010-09,1628668283.854568,1638331296.969697,Younger than 30
128,2010-09,2723317601.846951,2663348851.0101,Age 65 and older
128,2010-09,4237371152.410356,4156371324.747471,Age 30-44
128,2010-09,6900159810.154085,6671429581.313135,Age 45-64
129,2010-10,1686487949.700692,1762216754.545453,Younger than 30
129,2010-10,2756462016.846308,2986069528.787879,Age 65 and older
129,2010-10,4438842361.732965,4597408944.444443,Age 30-44
129,2010-10,7286128883.344548,7579486076.767678,Age 45-64
130,2010-11,1804742171.691911,1979484556.060606,Younger than 30
130,2010-11,2965656736.74649,3120718633.333333,Age 65 and older
130,2010-11,4670507515.918096,5141758789.393941,Age 30-44
130,2010-11,7848008705.754744,8594281821.212124,Age 45-64
131,2010-12,1840870703.73017,1839649689.89899,Younger than 30
131,2010-12,3246442191.85442,3173750456.565657,Age 65 and older
131,2010-12,4856995008.041221,4995026354.040403,Age 30-44
131,2010-12,8030387777.295523,8483764082.323231,Age 45-64
132,2011-01,1779183498.651763,1571603384.848485,Younger than 30
132,2011-01,3018557387.168573,2770372992.929292,Age 65 and older
132,2011-01,4741587533.859684,4376711685.858585,Age 30-44
132,2011-01,7778685973.839332,7091295056.060606,Age 45-64
133,2011-02,1888268812.143763,1514997490.404041,Younger than 30
133,2011-02,3167680853.790875,2923181844.949497,Age 65 and older
133,2011-02,4818960806.190364,4215232777.272728,Age 30-44
133,2011-02,8043362053.167777,7232611964.646461,Age 45-64
134,2011-03,1943128639.409872,1857457053.030303,Younger than 30
134,2011-03,3322756559.933005,3471217858.585859,Age 65 and older
134,2011-03,5151711100.787255,5130007911.616163,Age 30-44
134,2011-03,8390409155.817844,8628443515.151512,Age 45-64
135,2011-04,1774534851.178738,1718178597.979797,Younger than 30
135,2011-04,2985940396.462115,3026540351.515151,Age 65 and older
135,2011-04,4874243837.614473,4772843337.373738,Age 30-44
135,2011-04,7956468199.123377,7781960713.131313,Age 45-64
136,2011-05,1926577934.656477,1937353471.717171,Younger than 30
136,2011-05,3324929157.651306,3355945881.818182,Age 65 and older
136,2011-05,5117325956.260857,5152804935.353532,Age 30-44
136,2011-05,8350016358.498863,8369765284.343439,Age 45-64
137,2011-06,1915459734.874911,1952372557.070708,Younger than 30
137,2011-06,3413367921.011656,3362443865.656564,Age 65 and older
137,2011-06,4960885598.774915,4818937028.787877,Age 30-44
137,2011-06,8412912798.9909,8146329210.101011,Age 45-64
138,2011-07,1899610435.043791,2053126240.40404,Younger than 30
138,2011-07,3109837235.01396,3136341562.626262,Age 65 and older
138,2011-07,4859664614.774426,5100341028.282826,Age 30-44
138,2011-07,8027916386.2622,8204577940.909092,Age 45-64
139,2011-08,1964844910.427333,2226265843.434344,Younger than 30
139,2011-08,3691328851.837494,3694703244.949493,Age 65 and older
139,2011-08,5290937528.260176,5566615269.69697,Age 30-44
139,2011-08,8928478781.368963,9131541032.323235,Age 45-64
140,2011-09,2014563633.628063,2013952149.999999,Younger than 30
140,2011-09,4440942724.677001,4326165291.414144,Age 65 and older
140,2011-09,5282657136.263905,5140894196.464647,Age 30-44
140,2011-09,9415260552.20961,9075649404.545458,Age 45-64
141,2011-10,1967255267.258708,2048957423.232323,Younger than 30
141,2011-10,3761254242.188339,4034090932.323232,Age 65 and older
141,2011-10,5316303148.745219,5442022827.777779,Age 30-44
141,2011-10,8782647470.335117,9037035768.686871,Age 45-64
142,2011-11,1985937192.511863,2184682856.565657,Younger than 30
142,2011-11,3796062985.47921,3997496247.979798,Age 65 and older
142,2011-11,5372024811.834785,5928113688.888888,Age 30-44
142,2011-11,8819626321.831949,9693977110.60606,Age 45-64
143,2011-12,1933890585.323558,1950659338.888888,Younger than 30
143,2011-12,3812937131.894835,3765005146.969696,Age 65 and older
143,2011-12,5235527635.744596,5409702218.686869,Age 30-44
143,2011-12,8926572479.246462,9559533750.505053,Age 45-64
144,2012-01,1894994783.837176,1688636763.131313,Younger than 30
144,2012-01,3636933732.633784,3371722588.888889,Age 65 and older
144,2012-01,5063024123.434755,4752817675.757577,Age 30-44
144,2012-01,8414143386.954663,7756953290.909088,Age 45-64
145,2012-02,2063417900.628968,1662136749.494949,Younger than 30
145,2012-02,3814616664.102691,3550588473.737373,Age 65 and older
145,2012-02,5242661702.609957,4599698667.171715,Age 30-44
145,2012-02,8812072698.012381,7924761802.525252,Age 45-64
146,2012-03,1938690570.519473,1856308311.111111,Younger than 30
146,2012-03,3788487211.55257,3967503258.080807,Age 65 and older
146,2012-03,5152614458.449883,5164591335.858585,Age 30-44
146,2012-03,8657819278.414928,8928163845.959599,Age 45-64
147,2012-04,1979711947.393086,1900502196.464647,Younger than 30
147,2012-04,3692924259.232604,3777177775.252525,Age 65 and older
147,2012-04,5098767460.849931,5004296719.696972,Age 30-44
147,2012-04,8515976732.939684,8356882023.737371,Age 45-64
148,2012-05,2042283019.649772,2054221702.525253,Younger than 30
148,2012-05,3693080796.159343,3718755619.69697,Age 65 and older
148,2012-05,5079598841.928995,5105279582.323235,Age 30-44
148,2012-05,8561248913.580241,8552501310.101016,Age 45-64
149,2012-06,1987791633.90997,2025879343.939393,Younger than 30
149,2012-06,3661102518.253111,3583440098.9899,Age 65 and older
149,2012-06,5165971940.722351,5005220750.505053,Age 30-44
149,2012-06,8495834705.336505,8212066689.898989,Age 45-64
150,2012-07,2054802711.322629,2222508543.939394,Younger than 30
150,2012-07,3576702960.001226,3565171073.737372,Age 65 and older
150,2012-07,5076708398.89816,5313316591.41414,Age 30-44
150,2012-07,8250836579.106603,8410326479.79798,Age 45-64
151,2012-08,2115714862.144334,2382078249.494948,Younger than 30
151,2012-08,3751582758.821858,3733098894.949493,Age 65 and older
151,2012-08,5023694817.351064,5256720438.888888,Age 30-44
151,2012-08,8387019957.929465,8533900663.131316,Age 45-64
152,2012-09,2046196752.81822,2041891789.39394,Younger than 30
152,2012-09,3766974475.869269,3672091590.909091,Age 65 and older
152,2012-09,5091131863.950899,4926228950.505048,Age 30-44
152,2012-09,8557296689.88348,8241294541.41414,Age 45-64
153,2012-10,2160673625.271548,2239267107.575757,Younger than 30
153,2012-10,3917253952.805198,4194256093.434343,Age 65 and older
153,2012-10,5147708520.936024,5231914258.58586,Age 30-44
153,2012-10,8810264320.799992,8984851551.010101,Age 45-64
154,2012-11,2106038069.739922,2313163082.828283,Younger than 30
154,2012-11,3949358578.859681,4134307243.434343,Age 65 and older
154,2012-11,5141455818.023973,5661739105.050502,Age 30-44
154,2012-11,8689038031.114626,9519741247.979794,Age 45-64
155,2012-12,2115817859.122181,2149783076.262627,Younger than 30
155,2012-12,3931695359.286989,3907766445.454547,Age 65 and older
155,2012-12,5183639826.195253,5352014787.373739,Age 30-44
155,2012-12,8809128396.805695,9489498044.444448,Age 45-64
156,2013-01,2257809687.01525,2030567578.282829,Younger than 30
156,2013-01,4436450051.289011,4151257897.979798,Age 65 and older
156,2013-01,5509100498.312678,5248379653.030301,Age 30-44
156,2013-01,9121308571.555304,8498955830.303033,Age 45-64
157,2013-02,2182367650.523314,1769991783.333334,Younger than 30
157,2013-02,4281306991.249273,3993482265.656564,Age 65 and older
157,2013-02,5411326296.423487,4772204165.151516,Age 30-44
157,2013-02,9077364549.039217,8148334221.71717,Age 45-64
158,2013-03,2228344351.63942,2128969081.818181,Younger than 30
158,2013-03,4099673805.501094,4273827837.373737,Age 65 and older
158,2013-03,5466284554.502403,5492224539.393941,Age 30-44
158,2013-03,9048775936.721155,9286384035.858587,Age 45-64
159,2013-04,2173656465.96328,2069661333.838384,Younger than 30
159,2013-04,4327745297.443448,4445098516.666668,Age 65 and older
159,2013-04,5415012310.285741,5311059838.38384,Age 30-44
159,2013-04,9060969522.711937,8922962064.646458,Age 45-64
160,2013-05,2233098166.22441,2244989831.818181,Younger than 30
160,2013-05,4133676017.01685,4178217080.80808,Age 65 and older
160,2013-05,5307689269.331305,5326544029.292926,Age 30-44
160,2013-05,8647454659.56245,8640375350.505049,Age 45-64
161,2013-06,2248748340.224456,2303931134.343434,Younger than 30
161,2013-06,4181175167.43925,4106850595.959594,Age 65 and older
161,2013-06,5383401759.613079,5251107165.656569,Age 30-44
161,2013-06,8971748467.218361,8773489306.565657,Age 45-64
162,2013-07,2379027720.527541,2579132374.747475,Younger than 30
162,2013-07,4277931500.794076,4265407607.070707,Age 65 and older
162,2013-07,5580475604.112507,5848646088.38384,Age 30-44
162,2013-07,9200350531.403465,9437216539.39394,Age 45-64
163,2013-08,2408116683.600051,2699461297.979797,Younger than 30
163,2013-08,4547828804.63828,4511679684.848486,Age 65 and older
163,2013-08,5899073736.330887,6148832028.282828,Age 30-44
163,2013-08,9643226558.029745,9770617349.999998,Age 45-64
164,2013-09,10177318979.05024,9792689773.73737,Age 45-64
164,2013-09,2442502903.785077,2441062726.767676,Younger than 30
164,2013-09,4711664155.029463,4598130463.636365,Age 65 and older
164,2013-09,6110901569.091448,5891566962.121214,Age 30-44
165,2013-10,10020723793.40786,10122766211.11111,Age 45-64
165,2013-10,2612770766.871687,2688341440.909091,Younger than 30
165,2013-10,4794101170.454887,5107948270.707071,Age 65 and older
165,2013-10,6136889129.198794,6202665231.313129,Age 30-44
166,2013-11,10399568696.02696,11280691236.86868,Age 45-64
166,2013-11,2701682541.19991,2948026404.545455,Younger than 30
166,2013-11,4975970419.099545,5150483640.40404,Age 65 and older
166,2013-11,6315885050.399943,6900437242.929295,Age 30-44
167,2013-12,11045679628.14748,11815504615.15152,Age 45-64
167,2013-12,2946273048.727758,3002443068.686869,Younger than 30
167,2013-12,5131318305.935635,5081879166.666666,Age 65 and older
167,2013-12,6817689549.346838,6982535645.454545,Age 30-44
168,2014-01,10613005642.21915,10018953805.55555,Age 45-64
168,2014-01,2898750489.014387,2633603155.555557,Younger than 30
168,2014-01,5124043564.847064,4841883257.57576,Age 65 and older
168,2014-01,6635407026.754641,6418727037.373737,Age 30-44
169,2014-02,10464774873.77456,9350868941.414145,Age 45-64
169,2014-02,2880839169.611242,2342687922.727273,Younger than 30
169,2014-02,5044147288.919952,4695299699.494951,Age 65 and older
169,2014-02,6637113391.311143,5857524955.55556,Age 30-44
170,2014-03,10262528416.60209,10515295431.81818,Age 45-64
170,2014-03,2810126941.420294,2698834574.242425,Younger than 30
170,2014-03,4880080363.77638,5078230665.151516,Age 65 and older
170,2014-03,6601694987.644215,6670332639.393941,Age 30-44
171,2014-04,10970086129.50795,10813862254.0404,Age 45-64
171,2014-04,2984985289.059537,2816147552.020202,Younger than 30
171,2014-04,5152125724.285984,5283818444.444447,Age 65 and older
171,2014-04,6963481839.760873,6809868024.747476,Age 30-44
172,2014-05,10787554252.56126,10786175727.27273,Age 45-64
172,2014-05,3003139678.179344,3013053171.717171,Younger than 30
172,2014-05,5239341206.908937,5325619465.151517,Age 65 and older
172,2014-05,6925304270.2305,6945160354.040403,Age 30-44
173,2014-06,10138402177.05894,10100504683.83838,Age 45-64
173,2014-06,3037192513.778619,3135553056.060606,Younger than 30
173,2014-06,4745857583.945991,4710809912.121211,Age 65 and older
173,2014-06,6704033580.898038,6626738058.080809,Age 30-44
174,2014-07,11380967788.13,11807436626.26263,Age 45-64
174,2014-07,3048726388.434489,3315008402.020202,Younger than 30
174,2014-07,5731220167.73084,5751436316.666667,Age 65 and older
174,2014-07,6961787679.496347,7312908304.040408,Age 30-44
175,2014-08,10424711173.0557,10550551093.43435,Age 45-64
175,2014-08,2992231996.875913,3334730000,Younger than 30
175,2014-08,4847625012.688675,4812835960.101009,Age 65 and older
175,2014-08,6834541856.228183,7095144914.646463,Age 30-44
176,2014-09,10400504458.51529,9958293084.343437,Age 45-64
176,2014-09,3101188387.356984,3098999114.141414,Younger than 30
176,2014-09,4960948198.258779,4835466055.050502,Age 65 and older
176,2014-09,6806765039.831196,6524637319.191917,Age 30-44
177,2014-10,10313470357.73142,10326449249.49495,Age 45-64
177,2014-10,2941640917.436582,3009868741.919193,Younger than 30
177,2014-10,4796683209.781455,5091646831.313131,Age 65 and older
177,2014-10,6671035200.203327,6709510918.181819,Age 30-44
178,2014-11,10507862573.4511,11295302928.78788,Age 45-64
178,2014-11,3000887024.479222,3266597709.090908,Younger than 30
178,2014-11,4901092529.248585,5020552981.313128,Age 65 and older
178,2014-11,6825698378.992785,7428939351.010099,Age 30-44
179,2014-12,11056847720.01244,11641756622.72727,Age 45-64
179,2014-12,3200228107.617438,3252521417.676767,Younger than 30
179,2014-12,5226750784.65025,5111485880.303025,Age 65 and older
179,2014-12,7226527093.45141,7298266892.424242,Age 30-44
180,2015-01,10946621999.70132,10481125709.59596,Age 45-64
180,2015-01,3147912518.578887,2895888439.898992,Younger than 30
180,2015-01,5193437401.78419,4969825847.979799,Age 65 and older
180,2015-01,7139374693.826227,7011572540.909091,Age 30-44
181,2015-02,10838060803.58607,9658516647.979797,Age 45-64
181,2015-02,3201250069.837957,2609902320.707072,Younger than 30
181,2015-02,4946717360.753422,4579118927.272727,Age 65 and older
181,2015-02,7071637063.917617,6253418442.424244,Age 30-44
182,2015-03,11339817703.34753,11603780697.47475,Age 45-64
182,2015-03,3327457170.15522,3203698563.131312,Younger than 30
182,2015-03,5436250583.763826,5657085859.090907,Age 65 and older
182,2015-03,7319091797.585385,7427234226.767674,Age 30-44
183,2015-04,11774977074.53689,11585783597.9798,Age 45-64
183,2015-04,3412423842.529783,3202187423.232322,Younger than 30
183,2015-04,5747605695.937496,5832752209.595961,Age 65 and older
183,2015-04,7701364481.005589,7504875494.949497,Age 30-44
184,2015-05,11522133999.11819,11556051252.0202,Age 45-64
184,2015-05,3431110405.446553,3430414224.747475,Younger than 30
184,2015-05,5486512510.235923,5621137710.606059,Age 65 and older
184,2015-05,7671018732.769685,7703069771.212123,Age 30-44
185,2015-06,12054730478.36506,12181140820.20202,Age 45-64
185,2015-06,3620058448.391747,3747642846.464647,Younger than 30
185,2015-06,5727129091.233969,5739933307.575755,Age 65 and older
185,2015-06,8139647091.517241,8113518468.686872,Age 30-44
186,2015-07,11839361630.02736,12443333492.42424,Age 45-64
186,2015-07,3472158921.687926,3781932403.535355,Younger than 30
186,2015-07,5519437937.192834,5619271869.69697,Age 65 and older
186,2015-07,7810169802.204901,8224595125.252517,Age 30-44
187,2015-08,12044135984.75753,12205849898.48485,Age 45-64
187,2015-08,3413722473.04491,3798588739.393942,Younger than 30
187,2015-08,5679729398.889625,5678876389.393939,Age 65 and older
187,2015-08,7767609760.233033,8054171682.828281,Age 30-44
188,2015-09,12344632487.43715,11699411893.43434,Age 45-64
188,2015-09,3578857328.012787,3575989904.545455,Younger than 30
188,2015-09,6124877344.642792,5922192060.606063,Age 65 and older
188,2015-09,8120221577.429826,7719174771.71717,Age 30-44
189,2015-10,13504191075.81233,13469754687.37374,Age 45-64
189,2015-10,3604159897.189993,3670411400.000001,Younger than 30
189,2015-10,6285827919.546106,6638388786.363638,Age 65 and older
189,2015-10,8558813572.946158,8573794062.626261,Age 30-44
190,2015-11,12575621242.72079,13432433161.61617,Age 45-64
190,2015-11,3552805405.647407,3868325251.515153,Younger than 30
190,2015-11,6107655771.422539,6214629066.161617,Age 65 and older
190,2015-11,8182943690.416557,8893881079.797983,Age 30-44
191,2015-12,12608654773.866,13052118441.41413,Age 45-64
191,2015-12,3673019338.481877,3707390712.626262,Younger than 30
191,2015-12,6168769939.226143,5935730283.838387,Age 65 and older
191,2015-12,8235003743.155897,8193061366.161616,Age 30-44
192,2016-01,12313756010.31444,11974533405.0505,Age 45-64
192,2016-01,3580138061.34971,3343415801.010101,Younger than 30
192,2016-01,6128502559.369313,5944397306.060607,Age 65 and older
192,2016-01,8095652010.249398,8106361396.464647,Age 30-44
193,2016-02,13248130698.76826,11802767524.24242,Age 45-64
193,2016-02,3830318548.003233,3135455090.404038,Younger than 30
193,2016-02,6404199361.324988,5901172851.515155,Age 65 and older
193,2016-02,8851930727.2684,7844970798.484852,Age 30-44
194,2016-03,13023909271.75866,13395991576.26263,Age 45-64
194,2016-03,3863884801.948473,3744281416.161617,Younger than 30
194,2016-03,6344102284.868922,6669321662.121209,Age 65 and older
194,2016-03,8747495570.592854,8941325073.737377,Age 30-44
195,2016-04,13092639974.31311,12791088835.35354,Age 45-64
195,2016-04,3978394243.457891,3708963438.383838,Younger than 30
195,2016-04,6423724496.143652,6427183931.313131,Age 65 and older
195,2016-04,8691145723.326725,8432132183.838383,Age 30-44
196,2016-05,13991698996.8768,13976704524.74747,Age 45-64
196,2016-05,4035601672.717279,4010496333.838385,Younger than 30
196,2016-05,6689530999.759422,6848920700,Age 65 and older
196,2016-05,9264913780.851938,9275508482.828287,Age 30-44
197,2016-06,14078476018.11532,14281975526.26263,Age 45-64
197,2016-06,4095641726.975958,4218350645.454545,Younger than 30
197,2016-06,7351673994.992257,7372725207.070704,Age 65 and older
197,2016-06,9347814516.403814,9321182109.595957,Age 30-44
198,2016-07,14281440581.19888,15105704507.57575,Age 45-64
198,2016-07,4148805429.242594,4499355228.282828,Younger than 30
198,2016-07,6911567591.902131,7103486376.767673,Age 65 and older
198,2016-07,9470222214.803762,9925611270.707069,Age 30-44
199,2016-08,13104033658.85536,13362167785.35353,Age 45-64
199,2016-08,4423459213.000221,4922967664.141415,Younger than 30
199,2016-08,6362985203.610816,6428247407.575761,Age 65 and older
199,2016-08,9777368475.888655,10127502771.21213,Age 30-44
200,2016-09,10198794159.18834,9677299692.929296,Age 30-44
200,2016-09,13124363397.63572,12351796669.69698,Age 45-64
200,2016-09,4670285158.114069,4686386901.010102,Younger than 30
200,2016-09,6073577109.416313,5834118007.070708,Age 65 and older
201,2016-10,11946577116.58728,11928518659.59596,Age 45-64
201,2016-10,4193156074.471066,4276332559.595956,Younger than 30
201,2016-10,5187880775.014912,5471769220.707071,Age 65 and older
201,2016-10,8789777518.610706,8817965516.161612,Age 30-44
202,2016-11,12121154956.2111,12935274887.37374,Age 45-64
202,2016-11,4030724223.975317,4399459234.343431,Younger than 30
202,2016-11,5767738395.525003,5872582150.505052,Age 65 and older
202,2016-11,8362781817.726895,9099323678.282825,Age 30-44
203,2016-12,12257777999.18658,12592191897.47475,Age 45-64
203,2016-12,3952907799.715203,3969815174.242423,Younger than 30
203,2016-12,5787975138.291602,5513725436.363635,Age 65 and older
203,2016-12,8651650276.455311,8522987968.686872,Age 30-44
204,2017-01,11471677954.47251,11706317194.44444,Age 30-44
204,2017-01,13218543184.30625,13010442380.80808,Age 45-64
204,2017-01,5003473947.65593,4746849683.333332,Younger than 30
204,2017-01,5983143166.181794,5871289096.9697,Age 65 and older
205,2017-02,12571229418.70366,11283364028.78788,Age 45-64
205,2017-02,4067755510.582112,3359734362.626263,Younger than 30
205,2017-02,5910243458.549849,5462765409.595962,Age 65 and older
205,2017-02,9035202060.609041,8071686961.111109,Age 30-44
206,2017-03,13278552306.04233,13673714681.81818,Age 45-64
206,2017-03,4306860571.92301,4170958716.666667,Younger than 30
206,2017-03,6166122088.70846,6529014819.696968,Age 65 and older
206,2017-03,9371443390.654476,9616395349.494951,Age 30-44
207,2017-04,12464311182.54847,12054136177.77778,Age 45-64
207,2017-04,3903273109.092198,3621566505.555554,Younger than 30
207,2017-04,5688947429.464568,5604221236.868685,Age 65 and older
207,2017-04,8712416399.371067,8412545442.929289,Age 30-44
208,2017-05,12486908593.66084,12399163393.93939,Age 45-64
208,2017-05,3983354602.92712,3928436761.111111,Younger than 30
208,2017-05,5976143448.420005,6085641733.333331,Age 65 and older
208,2017-05,8935505827.426535,8883352617.67676,Age 30-44
209,2017-06,13256490404.58969,13310617722.72728,Age 45-64
209,2017-06,4100901509.02924,4143134708.585855,Younger than 30
209,2017-06,6331385231.310234,6280686370.202019,Age 65 and older
209,2017-06,9277188122.853941,9119706128.787876,Age 30-44
210,2017-07,13230435506.6481,13918904624.24243,Age 45-64
210,2017-07,4075916693.963061,4387622168.686869,Younger than 30
210,2017-07,6369606982.5135,6553952636.868687,Age 65 and older
210,2017-07,9132628633.683569,9452495203.030304,Age 30-44
211,2017-08,12881345973.46756,13210940945.9596,Age 45-64
211,2017-08,3805661936.530651,4265185749.999999,Younger than 30
211,2017-08,6344778012.63729,6481196237.878788,Age 65 and older
211,2017-08,8467863436.763689,8805954966.666666,Age 30-44
212,2017-09,12058353605.08519,11372358354.04041,Age 45-64
212,2017-09,3719782248.961231,3767230686.868686,Younger than 30
212,2017-09,5484608258.199206,5254429489.898993,Age 65 and older
212,2017-09,8321327239.714495,7960410187.878788,Age 30-44
213,2017-10,12123691153.17095,12247052200,Age 45-64
213,2017-10,3982068324.877625,4075485201.010104,Younger than 30
213,2017-10,5874002223.214132,6223749789.898994,Age 65 and older
213,2017-10,8399487432.664718,8465536119.696975,Age 30-44
214,2017-11,12767718192.12083,13694755714.64647,Age 45-64
214,2017-11,4056346821.004059,4455782427.777776,Younger than 30
214,2017-11,6172876743.297011,6315947874.242423,Age 65 and older
214,2017-11,8806074693.44149,9650687984.343431,Age 30-44
215,2017-12,12247070873.7671,12559189023.23232,Age 45-64
215,2017-12,3790794602.82236,3793050061.111111,Younger than 30
215,2017-12,5842556457.031702,5545170432.323236,Age 65 and older
215,2017-12,8391794037.653746,8227660008.080809,Age 30-44
216,2018-01,12591286602.15704,12491062981.81818,Age 45-64
216,2018-01,3901087055.04213,3750101017.171717,Younger than 30
216,2018-01,6092249582.770598,6026356099.999999,Age 65 and older
216,2018-01,8808082848.058065,9107381260.60606,Age 30-44
217,2018-02,12680905040.30874,11434236846.46464,Age 45-64
217,2018-02,4012262622.809295,3323024458.080809,Younger than 30
217,2018-02,6115175945.227164,5678888199.494952,Age 65 and older
217,2018-02,8919223853.805632,7982719817.676766,Age 30-44
218,2018-03,12676949367.26241,13077732127.27272,Age 45-64
218,2018-03,3945851965.452026,3821280429.79798,Younger than 30
218,2018-03,6000238862.432456,6411933266.666668,Age 65 and older
218,2018-03,9104862581.400326,9362924207.070705,Age 30-44
219,2018-04,13140052706.0148,12578562380.30303,Age 45-64
219,2018-04,4177285623.888712,3851942557.575759,Younger than 30
219,2018-04,6286528220.119345,6123499927.777781,Age 65 and older
219,2018-04,9495393581.017065,9126381011.616156,Age 30-44
220,2018-05,13402896705.02314,13163391632.32323,Age 45-64
220,2018-05,4228333086.806568,4133754627.272727,Younger than 30
220,2018-05,6494933875.696631,6523185051.010102,Age 65 and older
220,2018-05,9505839532.506359,9364890888.383835,Age 30-44
221,2018-06,12918566976.20179,12814997381.31313,Age 45-64
221,2018-06,4101748136.637848,4076387204.040404,Younger than 30
221,2018-06,6315679848.59727,6195297125.252525,Age 65 and older
221,2018-06,9251131828.563524,8991822190.404037,Age 30-44
222,2018-07,13021512654.00607,13562512789.39393,Age 45-64
222,2018-07,4123664906.910112,4426992939.898989,Younger than 30
222,2018-07,6259495042.742001,6404454326.767676,Age 65 and older
222,2018-07,9369562261.51786,9593741655.555559,Age 30-44
223,2018-08,13022628666.37693,13414225575.25252,Age 45-64
223,2018-08,4107972435.868945,4619199032.828281,Younger than 30
223,2018-08,6313799355.333134,6493698706.060605,Age 65 and older
223,2018-08,9393245035.031738,9769320504.040401,Age 30-44
224,2018-09,12789597030.01098,12131794846.46464,Age 45-64
224,2018-09,3932094492.162207,4013718688.888889,Younger than 30
224,2018-09,5981667005.522763,5749526466.161613,Age 65 and older
224,2018-09,8919044581.69837,8623119465.151518,Age 30-44
225,2018-10,13365217349.2214,13633167497.9798,Age 45-64
225,2018-10,4071780183.592028,4181432574.242426,Younger than 30
225,2018-10,6405877132.944582,6788015667.676771,Age 65 and older
225,2018-10,9236250193.806164,9346545413.636362,Age 30-44
226,2018-11,12824207419.01717,13927194217.67677,Age 45-64
226,2018-11,3926445249.039107,4348198138.383838,Younger than 30
226,2018-11,6321472084.826424,6535650928.787881,Age 65 and older
226,2018-11,8877108985.128593,9846471680.303032,Age 30-44
227,2018-12,12627367400.70951,13006285343.43435,Age 45-64
227,2018-12,3847865440.623321,3850291163.636362,Younger than 30
227,2018-12,6073875177.174398,5789609963.636362,Age 65 and older
227,2018-12,8709494936.309187,8552633333.333331,Age 30-44
228,2019-01,13384703047.06124,13276991896.96969,Age 45-64
228,2019-01,4314743077.993669,4168877845.959596,Younger than 30
228,2019-01,6504801582.112382,6452701770.20202,Age 65 and older
228,2019-01,9790078647.018421,10100929021.21211,Age 30-44
229,2019-02,13573167118.57015,12251875190.90909,Age 45-64
229,2019-02,4308967338.971747,3562289317.676768,Younger than 30
229,2019-02,6471408102.94604,6035091307.575755,Age 65 and older
229,2019-02,9666283801.880754,8639831114.141413,Age 30-44
230,2019-03,13827222543.67001,14243829133.83839,Age 45-64
230,2019-03,4290454093.154274,4136110967.676769,Younger than 30
230,2019-03,6863382204.834521,7358260043.939392,Age 65 and older
230,2019-03,9627202418.403347,9902917685.858583,Age 30-44
231,2019-04,13988540402.07628,13330279072.72727,Age 45-64
231,2019-04,4298231013.566332,3962533211.616161,Younger than 30
231,2019-04,6780006498.851349,6580602331.818183,Age 65 and older
231,2019-04,9773446172.852022,9396837135.353535,Age 30-44
232,2019-05,13843811248.94014,13522422388.88889,Age 45-64
232,2019-05,4294625513.535106,4179402932.828281,Younger than 30
232,2019-05,6699479923.864135,6669230301.010099,Age 65 and older
232,2019-05,9389393613.809612,9207733492.424246,Age 30-44
233,2019-06,13011569489.49751,12762284586.36365,Age 45-64
233,2019-06,4162422701.475215,4096991416.161614,Younger than 30
233,2019-06,6365920019.89469,6206402890.909091,Age 65 and older
233,2019-06,9245114772.903496,8905921819.696964,Age 30-44
234,2019-07,12741972236.05053,13159595904.0404,Age 45-64
234,2019-07,4023214999.989976,4328998298.48485,Younger than 30
234,2019-07,6127442529.978164,6217034841.414144,Age 65 and older
234,2019-07,9224933487.461475,9415358784.343439,Age 30-44
235,2019-08,11063074139.39267,11501672883.83838,Age 30-44
235,2019-08,15146912272.08995,15598023585.85859,Age 45-64
235,2019-08,4696984534.480207,5298868528.282826,Younger than 30
235,2019-08,6930561006.17977,7131169725.757572,Age 65 and older
236,2019-09,14575694768.59393,13932351897.9798,Age 45-64
236,2019-09,4446238041.796826,4572801613.63636,Younger than 30
236,2019-09,6846533786.728488,6608198888.38384,Age 65 and older
236,2019-09,9968069244.832312,9719128336.868692,Age 30-44
237,2019-10,13728525770.46505,14107050301.0101,Age 45-64
237,2019-10,4146297421.490812,4246951879.292932,Younger than 30
237,2019-10,6742103925.30456,7114498856.565658,Age 65 and older
237,2019-10,9403018823.995693,9524068453.535351,Age 30-44
238,2019-11,13027316038.37264,14298134144.94949,Age 45-64
238,2019-11,3858629781.501299,4282936189.898991,Younger than 30
238,2019-11,6455698023.197201,6732313407.070708,Age 65 and older
238,2019-11,8713863759.84326,9764498548.989893,Age 30-44
239,2019-12,13910233731.63924,14302539032.82829,Age 45-64
239,2019-12,4104649312.82963,4084559104.545455,Younger than 30
239,2019-12,6880651915.196326,6575039901.010101,Age 65 and older
239,2019-12,9422953570.388765,9228329466.161623,Age 30-44
240,2020-01,13777164877.44135,13578714734.34344,Age 45-64
240,2020-01,4206194673.379457,4063822653.535355,Younger than 30
240,2020-01,6866749370.390972,6789149346.969697,Age 65 and older
240,2020-01,9615715206.366514,9806900427.272726,Age 30-44
241,2020-02,14066118820.5156,12676892985.35353,Age 45-64
241,2020-02,4238560755.880522,3489392711.616161,Younger than 30
241,2020-02,7025019715.284443,6558177138.383842,Age 65 and older
241,2020-02,9649860056.59148,8584383993.434344,Age 30-44
242,2020-03,2886310138.196876,2776682888.383838,Younger than 30
242,2020-03,4332120962.359056,4680392155.555554,Age 65 and older
242,2020-03,6514381730.836937,6698505816.161617,Age 30-44
242,2020-03,9171584356.616631,9459072098.484846,Age 45-64
243,2020-04,1774600736.72435,1643882295.959596,Younger than 30
243,2020-04,2362979491.449374,2304327217.171719,Age 65 and older
243,2020-04,3996244798.604054,3867044754.040404,Age 30-44
243,2020-04,5378732571.734024,5135600802.020203,Age 45-64
244,2020-05,1903111712.21877,1855292452.525253,Younger than 30
244,2020-05,2572798873.213608,2555329053.030303,Age 65 and older
244,2020-05,4235051903.996555,4168807307.575759,Age 30-44
244,2020-05,5662867046.604981,5541437153.030304,Age 45-64
245,2020-06,2143574505.841853,2119173649.494949,Younger than 30
245,2020-06,3212447615.243551,3141854130.808081,Age 65 and older
245,2020-06,4550365914.397454,4404152223.232322,Age 30-44
245,2020-06,6349330214.565943,6229890166.161613,Age 45-64
246,2020-07,2392513589.406368,2599677485.353535,Younger than 30
246,2020-07,3221236138.425697,3247091634.848483,Age 65 and older
246,2020-07,4799480391.529147,4930808395.959595,Age 30-44
246,2020-07,6545328764.079785,6747286836.868683,Age 45-64
247,2020-08,2550432156.498199,2875174065.656565,Younger than 30
247,2020-08,3476582086.885363,3556406673.232324,Age 65 and older
247,2020-08,5498349256.613719,5675565897.474747,Age 30-44
247,2020-08,7272684871.748351,7467973469.191917,Age 45-64
248,2020-09,2820159183.616767,2902133889.393939,Younger than 30
248,2020-09,3805071070.918871,3679758035.353535,Age 65 and older
248,2020-09,6057030784.514025,5914818666.161614,Age 30-44
248,2020-09,7981118653.938897,7652610914.646464,Age 45-64
249,2020-10,3277934165.45684,3327606505.050505,Younger than 30
249,2020-10,3980867820.082688,4147818557.070707,Age 65 and older
249,2020-10,6805938805.539347,6858975459.595961,Age 30-44
249,2020-10,8503991557.392538,8690219721.717171,Age 45-64
250,2020-11,3275093024.615069,3608757416.666666,Younger than 30
250,2020-11,3939774841.489258,4130255796.969696,Age 65 and older
250,2020-11,6702967495.263423,7519220944.44444,Age 30-44
250,2020-11,8821272633.996183,9717569292.42424,Age 45-64
251,2020-12,3275992179.006333,3238987887.373738,Younger than 30
251,2020-12,4227536860.252467,4035193956.060608,Age 65 and older
251,2020-12,6657843177.418122,6487296282.323233,Age 30-44
251,2020-12,8948256640.79203,9149036478.787876,Age 45-64
252,2021-01,3271331350.491239,3149591877.777779,Younger than 30
252,2021-01,4212729263.037375,4139430051.010103,Age 65 and older
252,2021-01,6632977180.549177,6659802129.292929,Age 30-44
252,2021-01,8711868219.958559,8506199286.363639,Age 45-64
253,2021-02,3500504212.313358,2885160226.262627,Younger than 30
253,2021-02,4541746156.922116,4270171124.242425,Age 65 and older
253,2021-02,7040370051.280867,6295401564.646466,Age 30-44
253,2021-02,9456519251.135487,8562887271.21212,Age 45-64
254,2021-03,10449520075.06886,10795452245.9596,Age 45-64
254,2021-03,3947680974.920622,3791146312.121212,Younger than 30
254,2021-03,5036636159.179059,5454702459.595964,Age 65 and older
254,2021-03,7924086716.289061,8163869805.555555,Age 30-44
255,2021-04,11115025951.13188,10683151912.62626,Age 45-64
255,2021-04,4211978405.49249,3930713784.848484,Younger than 30
255,2021-04,5370300092.040636,5290040309.595958,Age 65 and older
255,2021-04,8561683922.405976,8355333175.757577,Age 30-44
256,2021-05,12078332001.1629,11936903589.39394,Age 45-64
256,2021-05,4453668267.032829,4377674872.222222,Younger than 30
256,2021-05,5572547719.739055,5584312578.282831,Age 65 and older
256,2021-05,9550751580.698492,9494130247.474745,Age 30-44
257,2021-06,10953442249.93898,10679758737.87879,Age 30-44
257,2021-06,13412817268.42462,13247478889.39394,Age 45-64
257,2021-06,5159567513.988528,5160419884.848484,Younger than 30
257,2021-06,6338200997.695427,6241644877.27273,Age 65 and older
258,2021-07,10430708980.72001,10815128069.19192,Age 30-44
258,2021-07,13047596183.65013,13489043529.79798,Age 45-64
258,2021-07,4844072610.190891,5335515184.343435,Younger than 30
258,2021-07,6271623807.319667,6300214379.292929,Age 65 and older
259,2021-08,12743935906.96944,13028954912.62627,Age 45-64
259,2021-08,4733575521.550619,5329346269.191917,Younger than 30
259,2021-08,6158611666.794818,6262185246.969698,Age 65 and older
259,2021-08,9963059718.07679,10152500178.28283,Age 30-44
260,2021-09,12912563295.16768,12390618922.72728,Age 45-64
260,2021-09,4802834196.455041,4907488642.929293,Younger than 30
260,2021-09,6366980192.388617,6141907323.232326,Age 65 and older
260,2021-09,9801882344.944195,9558191901.51515,Age 30-44
261,2021-10,10286642318.67332,10307123990.9091,Age 30-44
261,2021-10,13477354876.18333,13618715544.94949,Age 45-64
261,2021-10,4843550331.745962,4860313986.868687,Younger than 30
261,2021-10,6298327443.980871,6459009161.616163,Age 65 and older
262,2021-11,10849799131.35765,12185501429.29293,Age 30-44
262,2021-11,14158716727.39844,15517995961.61616,Age 45-64
262,2021-11,5044573271.897406,5498179827.777776,Younger than 30
262,2021-11,6721303437.332335,7033560647.474747,Age 65 and older
263,2021-12,10886425624.39661,10472416268.18182,Age 30-44
263,2021-12,14051383285.89123,14174904916.16162,Age 45-64
263,2021-12,5149949996.60788,5029335076.767674,Younger than 30
263,2021-12,6757589145.133674,6411400371.71717,Age 65 and older
264,2022-01,10058588425.9444,9947053987.87879,Age 30-44
264,2022-01,12774002342.61005,12362123273.23232,Age 45-64
264,2022-01,4731328784.994061,4529795706.565658,Younger than 30
264,2022-01,6156596586.696229,6002815066.161618,Age 65 and older
265,2022-02,11016394097.87615,9870799267.676771,Age 30-44
265,2022-02,14247392763.03412,12956780708.58587,Age 45-64
265,2022-02,5031323781.642144,4158502325.757576,Younger than 30
265,2022-02,6951062986.916525,6568853141.919192,Age 65 and older
266,2022-03,12084891920.13503,12486409228.78788,Age 30-44
266,2022-03,15697866392.82849,16303198328.78787,Age 45-64
266,2022-03,5611688778.958743,5400882228.282828,Younger than 30
266,2022-03,7502701386.680482,8166168360.606059,Age 65 and older
267,2022-04,11817860961.68946,11628121927.27273,Age 30-44
267,2022-04,15399926002.64675,14922624796.96969,Age 45-64
267,2022-04,5547825519.684093,5211871802.525253,Younger than 30
267,2022-04,7434157293.851471,7396862161.616158,Age 65 and older
268,2022-05,11932694228.78006,12042732491.41414,Age 30-44
268,2022-05,15438043512.37603,15469477729.79797,Age 45-64
268,2022-05,5605254983.57874,5577569745.454545,Younger than 30
268,2022-05,7591734538.549571,7712547061.111106,Age 65 and older
269,2022-06,12442447534.53848,12353005353.53535,Age 30-44
269,2022-06,15834320762.53011,15906084940.40404,Age 45-64
269,2022-06,5774334893.801166,5893162067.676767,Younger than 30
269,2022-06,7847838753.083213,7838228980.808081,Age 65 and older
270,2022-07,12729936811.90802,13403319521.71717,Age 30-44
270,2022-07,16351907255.50764,17067215355.55554,Age 45-64
270,2022-07,5635129810.939229,6315733020.202019,Younger than 30
270,2022-07,7725147552.497545,7787359044.444442,Age 65 and older
271,2022-08,12457171521.73961,12456099942.42425,Age 30-44
271,2022-08,15686680570.40935,15967616113.13131,Age 45-64
271,2022-08,5751531580.377342,6440442246.969699,Younger than 30
271,2022-08,7740442426.135666,7825334299.999997,Age 65 and older
272,2022-09,12146632445.25776,11719008041.41414,Age 30-44
272,2022-09,15805407046.16563,15043436266.66667,Age 45-64
272,2022-09,5734610924.398241,5764683697.979802,Younger than 30
272,2022-09,7736124141.625204,7399119766.666667,Age 65 and older
273,2022-10,12065783091.05836,11978127252.52526,Age 30-44
273,2022-10,15538736946.33237,15400769384.84848,Age 45-64
273,2022-10,5632263281.15149,5586556442.424243,Younger than 30
273,2022-10,7655301233.280816,7678292016.161617,Age 65 and older
274,2022-11,12031352463.42335,13487838684.34344,Age 30-44
274,2022-11,15734161374.81218,17084040423.73738,Age 45-64
274,2022-11,5546852826.9203,5966405488.888893,Younger than 30
274,2022-11,7937964033.833005,8282846582.323228,Age 65 and older
275,2022-12,11956731852.97821,11351390477.77778,Age 30-44
275,2022-12,15329169388.59439,15253431451.51515,Age 45-64
275,2022-12,5425394807.230671,5235765124.747476,Younger than 30
275,2022-12,7774473928.852295,7313118828.282827,Age 65 and older
276,2023-01,12898299882.01715,12620815460.60606,Age 30-44
276,2023-01,16596190695.6678,15998861819.19192,Age 45-64
276,2023-01,5908336239.96777,5635344910.101011,Younger than 30
276,2023-01,8141180123.068074,7907977569.191922,Age 65 and older
277,2023-02,12791738959.47822,11541734510.60606,Age 30-44
277,2023-02,16950406419.50173,15512170293.43434,Age 45-64
277,2023-02,5950514558.584968,4950397580.808081,Younger than 30
277,2023-02,8348297991.305961,7938843009.595959,Age 65 and older
278,2023-03,12496458236.34117,12991599015.65657,Age 30-44
278,2023-03,16481955819.49697,17231141427.27273,Age 45-64
278,2023-03,5667573357.426202,5471254020.707067,Younger than 30
278,2023-03,8335283832.428113,9094101630.808077,Age 65 and older
279,2023-04,13184807974.66119,13079732802.0202,Age 30-44
279,2023-04,16859387355.57994,16487955361.61615,Age 45-64
279,2023-04,5851880312.561674,5529751607.575755,Younger than 30
279,2023-04,8280923890.545984,8322565817.676767,Age 65 and older
280,2023-05,13150472204.44492,13428665275.25252,Age 30-44
280,2023-05,17184943761.84656,17425723975.75758,Age 45-64
280,2023-05,5711130878.168357,5754236245.454545,Younger than 30
280,2023-05,8532483115.965061,8799465523.232325,Age 65 and older
281,2023-06,12318322693.22026,12387454986.86868,Age 30-44
281,2023-06,16264866673.29989,16540137700.50505,Age 45-64
281,2023-06,5445698145.749754,5653501898.484851,Younger than 30
281,2023-06,8165689668.316226,8243133323.232325,Age 65 and older
282,2023-07,12697605793.48521,13514236141.41414,Age 30-44
282,2023-07,16222382433.2743,17079727877.77778,Age 45-64
282,2023-07,5668093887.913242,6427393529.292929,Younger than 30
282,2023-07,8267828676.711852,8355596653.0303,Age 65 and older
283,2023-08,12560647866.69207,12341221844.44444,Age 30-44
283,2023-08,16132813335.90866,16375738586.86869,Age 45-64
283,2023-08,5400827930.404894,6022005683.838383,Younger than 30
283,2023-08,8133826217.479619,8198147171.717172,Age 65 and older
284,2023-09,11930864472.75224,11399878135.35353,Age 30-44
284,2023-09,15786531859.65842,14908676654.54546,Age 45-64
284,2023-09,5175036052.842323,5120381188.383838,Younger than 30
284,2023-09,8025411249.559123,7593839488.383837,Age 65 and older
285,2023-10,11580579754.57636,11439150178.78788,Age 30-44
285,2023-10,15473663244.8966,15106030163.13132,Age 45-64
285,2023-10,5191066654.032945,5113943579.79798,Younger than 30
285,2023-10,8078495817.457296,7972922224.242425,Age 65 and older
286,2023-11,11337433451.06911,12671407943.43434,Age 30-44
286,2023-11,15726622634.19479,16876244254.54546,Age 45-64
286,2023-11,5206898871.330476,5524326383.333337,Younger than 30
286,2023-11,8232471842.245062,8555451015.656567,Age 65 and older
287,2023-12,11563766688.2502,10822964149.49494,Age 30-44
287,2023-12,15497845876.84584,15230453247.9798,Age 45-64
287,2023-12,5166798609.526057,4921697145.454548,Younger than 30
287,2023-12,7893082386.88531,7366947824.747475,Age 65 and older
288,2024-01,12314286168.48935,12041587264.14142,Age 30-44
288,2024-01,15580973621.18134,15032393171.21212,Age 45-64
288,2024-01,5411012248.360499,5168040016.161615,Younger than 30
288,2024-01,8216712631.381203,7976789819.191919,Age 65 and older
289,2024-02,12683801740.8339,11503391766.66666,Age 30-44
289,2024-02,16448878110.00502,15154092411.11111,Age 45-64
289,2024-02,5448476987.147849,4577062558.08081,Younger than 30
289,2024-02,8604710007.611683,8214068338.888884,Age 65 and older
290,2024-03,11792947390.0925,12322193924.74748,Age 30-44
290,2024-03,15702416462.95411,16519065994.9495,Age 45-64
290,2024-03,5197707378.532691,5037354178.787878,Younger than 30
290,2024-03,8016088138.726397,8788574350.000004,Age 65 and older
291,2024-04,11725089595.19252,11701369436.36364,Age 30-44
291,2024-04,15959901757.61206,15701456477.27273,Age 45-64
291,2024-04,5159334435.824079,4897153368.68687,Younger than 30
291,2024-04,8443216408.18983,8532646997.979797,Age 65 and older
292,2024-05,11670640066.02527,11995858390.9091,Age 30-44
292,2024-05,15610780400.43947,15939569901.0101,Age 45-64
292,2024-05,5306685146.871115,5386114319.191918,Younger than 30
292,2024-05,8345677885.16225,8684764025.252527,Age 65 and older
293,2024-06,11839310847.90742,11983261285.35353,Age 30-44
293,2024-06,15522109245.1601,15881201272.22222,Age 45-64
293,2024-06,5258715851.739829,5504650057.070706,Younger than 30
293,2024-06,7977031609.531635,8094491707.070705,Age 65 and older
294,2024-07,11939986185.31383,12792616621.71717,Age 30-44
294,2024-07,15271670659.35032,16180913280.30303,Age 45-64
294,2024-07,5076632649.1378,5783174063.636367,Younger than 30
294,2024-07,7989028685.526431,8096439164.646461,Age 65 and older
295,2024-08,12127062162.1537,11826509520.20202,Age 30-44
295,2024-08,15586276521.48683,15806570784.84848,Age 45-64
295,2024-08,4989062146.497325,5557000024.747474,Younger than 30
295,2024-08,8118412162.791626,8169757676.262623,Age 65 and older
296,2024-09,11568268045.09328,10987195801.45819,Age 30-44
296,2024-09,15474837196.00513,14545402009.53596,Age 45-64
296,2024-09,4935111225.14899,4845045700.288735,Younger than 30
296,2024-09,8022754542.703752,7533398354.465875,Age 65 and older
297,2024-10,11574181663.57273,11378262646.87098,Age 30-44
297,2024-10,15377188336.34858,14854672178.36907,Age 45-64
297,2024-10,5120942696.620635,5022563378.203174,Younger than 30
297,2024-10,8163634465.792366,7979069944.119328,Age 65 and older
298,2024-11,15071655843.36647,16037256381.61,Age 45-64
298,2024-11,30930548814.97784,34322030047.26957,Age 30-44
298,2024-11,4977896080.487814,5223607706.601848,Younger than 30
298,2024-11,8097039009.124173,8399904092.730758,Age 65 and older
299,2024-12,12207701675.72148,11360024502.44677,Age 30-44
299,2024-12,16277527992.23881,15917037328.17513,Age 45-64
299,2024-12,5225378395.437748,4948771622.287888,Younger than 30
299,2024-12,8772597707.35165,8159148109.671412,Age 65 and older
300,2025-01,11853863832.85931,11673425483.42844,Age 30-44
300,2025-01,15941675603.13104,15453574243.41821,Age 45-64
300,2025-01,5006004347.080179,4810127091.900054,Younger than 30
300,2025-01,8468205247.816167,8245975841.164025,Age 65 and older
301,2025-02,11550288700.26072,10563801535.2995,Age 30-44
301,2025-02,15516651684.69781,14418262580.02047,Age 45-64
301,2025-02,5109279839.498673,4335790462.929338,Younger than 30
301,2025-02,8189480249.457496,7868183453.388481,Age 65 and older
